/*
Navicat MySQL Data Transfer

Source Server         : localhost_3306
Source Server Version : 50018
Source Host           : localhost:3306
Source Database       : c89-s3-pwl-flower

Target Server Type    : MYSQL
Target Server Version : 50018
File Encoding         : 65001

Date: 2021-03-01 17:23:47
*/

SET FOREIGN_KEY_CHECKS=0;

-- ----------------------------
-- Table structure for administrator
-- ----------------------------
DROP TABLE IF EXISTS `administrator`;
CREATE TABLE `administrator` (
  `aid` int(11) NOT NULL auto_increment,
  `aname` varchar(255) default NULL,
  `apwd` varchar(255) default NULL,
  PRIMARY KEY  (`aid`)
) ENGINE=InnoDB DEFAULT CHARSET=utf8;

-- ----------------------------
-- Records of administrator
-- ----------------------------
INSERT INTO `administrator` VALUES ('1', 'admin', 'a');

-- ----------------------------
-- Table structure for cart
-- ----------------------------
DROP TABLE IF EXISTS `cart`;
CREATE TABLE `cart` (
  `ciid` int(11) NOT NULL auto_increment,
  `uid` int(11) default NULL,
  `fid` int(11) default NULL,
  `count` int(11) default NULL,
  PRIMARY KEY  (`ciid`),
  KEY `uid` (`uid`),
  KEY `fid` (`fid`),
  CONSTRAINT `cart_ibfk_2` FOREIGN KEY (`uid`) REFERENCES `user` (`uid`),
  CONSTRAINT `cart_ibfk_1` FOREIGN KEY (`fid`) REFERENCES `flower` (`fid`)
) ENGINE=InnoDB DEFAULT CHARSET=utf8;

-- ----------------------------
-- Records of cart
-- ----------------------------
INSERT INTO `cart` VALUES ('1', '1', '1', '2');
INSERT INTO `cart` VALUES ('2', '1', '4', '5');

-- ----------------------------
-- Table structure for category
-- ----------------------------
DROP TABLE IF EXISTS `category`;
CREATE TABLE `category` (
  `cid` int(11) NOT NULL auto_increment,
  `cname` varchar(255) default NULL,
  `intro` varchar(1000) default NULL COMMENT '介绍',
  PRIMARY KEY  (`cid`)
) ENGINE=InnoDB DEFAULT CHARSET=utf8;

-- ----------------------------
-- Records of category
-- ----------------------------
INSERT INTO `category` VALUES ('1', '玫瑰', '玫瑰（学名：Rosa rugosa）是蔷薇科蔷薇属植物，在日常生活中是蔷薇属一系列花大艳丽的栽培品种的统称。玫瑰原产是中国。在古时的汉语，“玫瑰”一词原意是指红色美玉。长久以来，玫瑰就象征着美丽和爱情。\r\n\r\n玫瑰属落叶灌木，枝杆多针刺，奇数羽状复叶，小叶5-9片，椭圆形，有边刺。花瓣倒卵形，重瓣至半重瓣，花有紫红色、白色，果期8-9月，扁球形。枝条较为柔弱软垂且多密刺，每年花期只有一次，因此较少用于育种，近来其主要被重视的特性为抗病性与耐寒性。\r\n\r\n玫瑰原产我国华北以及日本和朝鲜。我国各地均有栽培。');
INSERT INTO `category` VALUES ('2', '月季', '月季（学名：Rosa chinensisJacq.），被称为花中皇后，又称月月红，蔷薇科。常绿，半常绿低矮灌木，四季开花﹐一般为红色﹐或粉色、偶有白色和黄色﹐可作为观赏植物，也可作为药用植物，亦称月季花。\r\n\r\n自然花期8月到次年4月，花成大型，由内向外，呈发散型，有浓郁香气，可广泛用于园艺栽培和切花。月季种类主要有切花月季、食用玫瑰、藤本月季、地被月季等。中国是月季的原产地之一。月季是山东省莱州市、江苏淮安市以及河北省邯郸市河南省南阳市的市花。红色切花更成为情人间必送的礼物之一，并成为爱情诗歌的主题。月季花也有较好的抗真菌及协同抗耐药真菌活性。');
INSERT INTO `category` VALUES ('3', '牡丹', '牡丹（学名：Paeonia suffruticosa  Andr.）是毛茛科、芍药属植物，为多年生落叶灌木。\r\n\r\n茎高达2米；分枝短而粗。叶通常为二回三出复叶，偶尔近枝顶的叶为3小叶；顶生小叶宽卵形，表面绿色，无毛，背面淡绿色，有时具白粉，侧生小叶狭卵形或长圆状卵形，叶柄长5-11厘米，和叶轴均无毛。花单生枝顶，苞片5，长椭圆形；萼片5，绿色，宽卵形，花瓣5或为重瓣，玫瑰色、红紫色、粉红色至白色，通常变异很大，倒卵形，顶端呈不规则的波状；花药长圆形，长4毫米；花盘革质，杯状，紫红色；心皮5，稀更多，密生柔毛。蓇葖长圆形，密生黄褐色硬毛。花期5月；果期6月。\r\n\r\n花色泽艳丽，玉笑珠香，风流潇洒，富丽堂皇，素有“花中之王”的美誉。在栽培类型中，主要根据花的颜色，可分成上百个品种。”牡丹品种繁多，色泽亦多，以黄、绿、肉红、深红、银红为上品，尤其黄、绿为贵。牡丹花大而香，故又有“国色天香”之称。唐代刘禹锡有诗曰：“庭前芍药妖无格，池上芙蕖净少情。唯有牡丹真国色，花开时节动京城。”。在清代末年，牡丹就曾被当作中国的国花。1985年5月牡丹被评为中国十大名花之二。是中国特有的木本名贵花卉，有数千年的自然生长和1500多年的人工栽培历史。');
INSERT INTO `category` VALUES ('4', '茉莉', '茉莉又名茉莉花，为木樨科素馨属(Jasminum)常绿灌木或藤本植物的统称，原产于印度、巴基斯坦，中国早已引种，并广泛地种植。茉莉喜温暖湿润和阳光充足环境，其叶色翠绿，花色洁白，香气浓郁，是最常见的芳香性盆栽花木。在素馨属中，最著名的一种是双瓣茉莉(Jasminum sambac)，也就是人们平常俗称的茉莉花。茉莉有着良好的保健和美容功效，可以用来饮食。它象征着爱情和友谊。同时，《茉莉花》也是中国传统民歌，在动画中，也被用于卡通人物人名。');
INSERT INTO `category` VALUES ('5', '菊花', '菊花（拉丁学名：Dendranthema morifolium（Ramat. ）Tzvel.）：在植物分类学中是菊科、菊属的多年生宿根草本植物。按栽培形式分为多头菊、独本菊、大立菊、悬崖菊、艺菊、案头菊等栽培类型；有按花瓣的外观形态分为园抱、退抱、反抱、乱抱、露心抱、飞午抱等栽培类型。不同类型里的菊花又命名各种各样的品种名称。 \r\n\r\n菊花是中国十大名花第三，花中四君子（梅兰竹菊）之一，也是世界四大切花（菊花、月季、康乃馨、唐菖蒲）之一，产量居首。因菊花具有清寒傲雪的品格，才有陶渊明的“采菊东篱下，悠然见南山”的名句。中国人有重阳节赏菊和饮菊花酒的习俗。唐·孟浩然《过故人庄》：“待到重阳日，还来就菊花。”在古神话传说中菊花还被赋予了吉祥、长寿的含义。 \r\n\r\n菊花是经长期人工选择培育的名贵观赏花卉，公元八世纪前后，作为观赏的菊花由中国传至日本。17世纪末叶荷兰商人将中国菊花引入欧洲，18世纪传入法国，19世纪中期引入北美。此后中国菊花遍及全球。');
INSERT INTO `category` VALUES ('6', '康乃馨', '康乃馨 ，学名香石竹，又名狮头石竹、大花石竹、荷兰石竹，为石竹科石竹属的植物，多年生草本，丛生，无毛全体乳绿色。茎直立，高30-60厘米，上部稀疏分枝。叶长条形，乳绿色，5脉，中脉特显，先端长渐尖，基部成短鞘围抱节上。花单生，或成聚伞花序，颜色鲜艳且富有芳香，有蔷薇色、紫色、白色各种花；萼下有小苞片4枚，菱状卵形，先端短尖，长约为萼简之1/4；萼简先端5裂，齿三角形，边缘膜质；花瓣5，倒卵形，先端锯齿状浅裂，基部有须毛。蒴果长卵形。 原产欧洲南部一带，国内广泛栽培，为常见的观赏植物。1907年起，开始以粉红色康乃馨作为母亲节的象征，故今常被作为献给母亲的花。 纯天然康乃馨产于云南高寒地区，海拔3000米以上，无任何杂质感染，具有健脾补肺、固肾益精，治虚劳、咳嗽、消渴等功用。是馈赠亲友的好补品。');
INSERT INTO `category` VALUES ('7', '满天星', '满天星，原名:圆锥石头花，别名:锥花丝石竹、圆锥花丝石竹、丝石竹、锥花霞草、满天星，石竹科、石头花属多年生草本。产新疆阿尔泰山区和塔什库尔干。耐寒，喜冷凉气候，忌炎热，多雨。生于海拔1 100-1 500米河滩、草地、固定沙丘、石质山坡及农田中。哈萨克斯坦、俄罗斯(西伯利亚)、蒙古(西部)、欧洲(西部、中部和东部)、北美也有。根、茎可供药用。栽培可供观赏。满天星的花语是:甘愿做配角的爱，只愿在你身边。');
INSERT INTO `category` VALUES ('8', '睡莲', '睡莲（学名：Nymphaea L.），多年生水生草本；根状茎肥厚。叶柄圆柱形，细长。叶椭圆形，浮生于水面，全缘，叶基心形，叶表面浓绿，背面暗紫。叶二型：浮水叶圆形或卵形，基部具弯缺，心形或箭形，常无出水叶；沉水叶薄膜质，脆弱。花单生，浮于或挺出水面；花萼四枚，绿色；花瓣通常八片。果实倒卵形，长约3厘米。花大形、美丽，浮在或高出水面，白天开花夜间闭合；萼片近离生；花瓣白色、蓝色、黄色或粉红色，成多轮，有时内轮渐变成雄蕊；药隔有或无附属物；心皮环状，贴生且半沉没在肉质杯状花托，且在下部与其部分地愈合，上部延伸成花柱，柱头成凹入柱头盘，胚珠倒生，垂生在子房内壁。浆果海绵质，不规则开裂，在水面下成熟；种子坚硬，为胶质物包裹，有肉质杯状假种皮，胚小，有少量内胚乳及丰富外胚乳。\r\n\r\n从东北至云南，西至新疆皆有分布；朝鲜，日本，印度，苏联，北美也有。生于池沼、湖泊等静水水体中。许多公园水体栽培作为观赏植物，根状茎食用或酿酒，又入药，能治小儿慢惊风；全草可作绿肥。');
INSERT INTO `category` VALUES ('9', '丁香', '丁香，为木犀科，属落叶灌木或小乔木。广泛分布于桑给巴尔、马达加斯加岛等地，因花筒细长如钉且香故名，为哈尔滨市市花，是著名的庭园花木。花序硕大、开花繁茂，花色淡雅、芳香，习性强健，栽培简易。因而在园林中广泛栽培应用。古代诗人多以丁香写愁。因为丁香花多成簇开放，好似结。称之为“丁结，百结花”。');
INSERT INTO `category` VALUES ('10', '兰花', '兰花(学名:Cymbidium ssp.):附生或地生草本，叶数枚至多枚，通常生于假鳞茎基部或下部节上，二列，带状或罕有倒披针形至狭椭圆形，基部一般有宽阔的鞘并围抱假鳞茎，有关节。总状花序具数花或多花，颜色有白、纯白、白绿、黄绿、淡黄、淡黄褐、黄、红、青、紫。\r\n\r\n中国传统名花中的兰花仅指分布在中国兰属植物中的若干种地生兰，如春兰、惠兰、建兰、墨兰和寒兰等，即通常所指的\"中国兰\"。这一类兰花与花大色艳的热带兰花大不相同，没有醒目的艳态，没有硕大的花、叶，却具有质朴文静、淡雅高洁的气质，很符合东方人的审美标准。在中国有一千余年的栽培历史。\r\n\r\n中国人历来把兰花看做是高洁典雅的象征，并与\"梅、竹、菊\"并列，合称\"四君子\"。通常以\"兰章\"喻诗文之美，以\"兰交\"喻友谊之真。也有借兰来表达纯洁的爱情，\"气如兰兮长不改，心若兰兮终不移\"、\"寻得幽兰报知己，一枝聊赠梦潇湘\"。1985年5月兰花被评为中国十大名花之四。');
INSERT INTO `category` VALUES ('11', '梅花', '梅花（学名：Armeniaca mume Sieb.）：小乔木，稀灌木，高4-10米；树皮浅灰色或带绿色，平滑；小枝绿色，光滑无毛。叶片卵形或椭圆形，叶边常具小锐锯齿，灰绿色。花单生或有时2朵同生于1芽内，直径2-2.5厘米，香味浓，先于叶开放；花萼通常红褐色，但有些品种的花萼为绿色或绿紫色；花瓣倒卵形，白色至粉红色。果实近球形，直径2-3厘米，黄色或绿白色，被柔毛，味酸；果肉与核粘贴；核椭圆形，两侧微扁。花期冬春季，果期5-6月。2n=16，24。\r\n\r\n梅花原产中国南方，已有三千多年的栽培历史，无论作观赏或果树均有许多品种。许多类型不但露地栽培供观赏，还可以栽为盆花，制作梅桩。鲜花可提取香精，花、叶、根和种仁均可入药。果实可食、盐渍或千制，或熏制成乌梅人药，有止咳、止泻、生津、止渴之效。梅又能抗根线虫危害，可作核果类果树的砧木。\r\n\r\n梅花是中国十大名花之首，与兰花、竹子、菊花一起列为四君子，与松、竹并称为“岁寒三友”。在中国传统文化中，梅以它的高洁、坚强、谦虚的品格，给人以立志奋发的激励。在严寒中，梅开百花之先，独天下而春。');
INSERT INTO `category` VALUES ('12', '桃花', '桃花，即盛开的花朵，属蔷薇科植物。叶椭圆状披针形，核果近球形，主要分果桃和花桃两大类。桃花原产于中国中部、北部，现已在世界温带国家及地区广泛种植，其繁殖以嫁接为主。\r\n\r\n桃花可制成花糕、桃花丸、桃花茶等食品。其具有很高的观赏价值，是文学创作的常用素材。此外，桃花中元素有疏通经络、滋润皮肤的药用价值。其花语及代表意义为:爱情的俘虏。每年3~6月份，各地会以桃花为媒，举办不同的桃花节盛会。');
INSERT INTO `category` VALUES ('13', '海棠', '海棠是苹果属（Malus）多种植物和木瓜属（Chaenomeles）几种植物的通称与俗称。代表植物海棠花（学名：Malus spectabilis）和木瓜（学名：Chaenomeles sinensis）都是蔷薇科的灌木或小乔木，为中国著名观赏树种，各地习见栽培。园艺变种有粉红色重瓣者和白色重瓣者。\r\n\r\n海棠类多为用于城市绿化、美化的观赏花木（虽然其中不乏果实有很高食用价值的品种）。其中许多是著名的观赏植物，如：西府海棠、垂丝海棠、贴梗海棠和木瓜海棠，习称“海棠四品”，是重要的温带观花树木。分布于中国山东、陕西、湖北、江西、安徽、江苏、浙江、广东、广西。');
INSERT INTO `category` VALUES ('14', '郁金香', '郁金香（学名：Tulipa gesneriana），百合科郁金香属的草本植物，是土耳其、哈萨克斯坦、荷兰的国花。英文名：Flower of Common Tulip， Flower of Late Tulip ，中药名称：郁金香《本草拾遗》；郁金香《太平御览》；红蓝花、紫述香《纲目》。花叶3-5枚，条状披针形至卵状披针状，花单朵顶生，大型而艳丽，花被片红色或杂有白色和黄色，有时为白色或黄色，长5-7厘米，宽2-4厘米，6枚雄蕊等长，花丝无毛，无花柱，柱头增大呈鸡冠状，花期4-5月。\r\n\r\n郁金香世界各地均有种植，是荷兰、新西兰、伊朗、土耳其、土库曼斯坦等国的国花，被称为世界花后，成为代表时尚和国际化的一个符号。');
INSERT INTO `category` VALUES ('15', '芍药', '芍药（学名：Paeonia lactiflora Pall.），别名别离草、花中丞相，属毛茛目，毛茛科芍药属多年生草本。块根由根颈下方生出，肉质，粗壮，呈纺锤形或长柱形，粗0.6～3.5cm。\r\n\r\n芍药花瓣呈倒卵形，花盘为浅杯状，花期5～6月，花一般着生于茎的顶端或近顶端叶腋处，原种花白色，花瓣5～13枚。园艺品种花色丰富，有白、粉、红、紫、黄、绿、黑和复色等，花径10～30厘米，花瓣可达上百枚。果实呈纺锤形，种子呈圆形、长圆形或尖圆形。芍药被人们誉为“花仙”和“花相”，且被列为“十大名花”之一，又被称为“五月花神”，因自古就作为爱情之花，现已被尊为七夕节的代表花卉。');
INSERT INTO `category` VALUES ('16', '百合', '百合，学名(Lilium brownii var. viridulum Baker)又名强蜀、番韭、山丹、倒仙、重迈、中庭、摩罗、重箱、中逢花、百合蒜、大师傅蒜、蒜脑薯、夜合花等，是百合科百合属(学名:Lilium)多年生草本球根植物，原产于中国，主要分布在亚洲东部、欧洲、北美洲等北半球温带地区，全球已发现有至少120个品种，其中55种产于中国。近年更有不少经过人工杂交而产生的新品种，如亚洲百合、香水百合、火百合等。鳞茎含丰富淀粉，可食，亦作药用。');
INSERT INTO `category` VALUES ('17', '仙人掌', '仙人掌(学名:Opuntia stricta (Haw.) Haw. var. dillenii (Ker-Gawl.) Benson )，是仙人掌属的一种植物。别名仙巴掌、观音掌、霸王、火掌等，为仙人掌科植物。仙人掌为丛生肉质灌木，上部分枝宽倒卵形、倒卵状椭圆形或近圆形;花辐状，花托倒卵形;种子多数扁圆形，边缘稍不规则，无毛，淡黄褐色。仙人掌喜强烈光照，耐炎热，干旱、瘠薄，生命力顽强，生长适温为20-30℃。主要分布在美国南部及东南部沿海地区、西印度群岛、百慕大群岛和南美洲北部、中国南方及东南亚等热带、亚热带地区的干旱地区。\r\n\r\n仙人掌的种类繁多，世界上共有70-110个属，2000余种，具体可以分为:团扇仙人掌类、段型仙人掌类、蟹爪仙人掌(螃蟹兰)、叶型森林性仙人掌类、球形仙人掌。常生长于沙漠等干燥环境中，被称为\"沙漠英雄花\"，为多肉植物的一类。');
INSERT INTO `category` VALUES ('18', '桂花', '桂花是中国木犀属众多树木的习称，代表物种木犀（学名：Osmanthus fragrans  (Thunb.) Lour.）：又名、岩桂，系木犀科常绿灌木或小乔木，质坚皮薄，叶长椭圆形面端尖，对生，经冬不凋。花生叶腑间，花冠合瓣四裂，形小，其园艺品种繁多，最具代表性的有金桂、银桂、丹桂、月桂等。\r\n\r\n桂花是中国传统十大名花之一，集绿化、美化、香化于一体的观赏与实用兼备的优良园林树种，桂花清可绝尘，浓能远溢，堪称一绝。尤其是仲秋时节，丛桂怒放，夜静轮圆之际，把酒赏桂，陈香扑鼻，令人神清气爽。\r\n\r\n在中国古代的咏花诗词中，咏桂之作的数量也颇为可观。自古就深受中国人的喜爱，被视为传统名花。\r\n\r\n以桂花做原料制作的桂花茶是中国特产茶，它香气柔和、味道可口，为大众所喜爱。桂花在园林建设中有着广泛的运用。');
INSERT INTO `category` VALUES ('19', '风信子', '风信子（学名：Hyacinthus orientalis L.）：是多年草本球根类植物，鳞茎卵形，有膜质外皮，皮膜颜色与花色成正相关，未开花时形如大蒜，原产地中海沿岸及小亚细亚一带，是研究发现的会开花的植物中最香的一个品种。喜阳光充足和比较湿润的生长环境，要求排水良好和肥沃的沙壤土等。 全世界风信子的园艺品种约有2000种以上，主要分为“荷兰种”和“罗马种”两类。前者属正宗品种，绝大多数每株只长1支花葶，体势粗壮，花朵较大。而后者则多是变异的杂种，每株能着生二三支花葶，体势幼弱，花朵较细，多数消费者喜购荷兰风信子。');
INSERT INTO `category` VALUES ('20', '薰衣草', '薰衣草（拉丁学名：Lavandula angustifolia Mill.）又名香水植物，灵香草，香草，黄香草，拉文德。属唇形科薰衣草属，一种小灌木。茎直立，被星状绒毛，老枝灰褐色，具条状剥落的皮层。叶条形或披针状条形，被或疏或密的灰色星状绒毛，干时灰白色或橄榄绿色，全缘而外卷。轮伞花序在枝顶聚集成间断或近连续的穗状花序；苞片菱状卵形，小苞片不明显；花萼卵状筒形或近筒状；花冠长约为曹的二倍，筒直伸，在喉部内被腺状毛。小坚果椭圆形，光滑。 原产于地中海沿岸、欧洲各地及大洋洲列岛，后被广泛栽种于英国及南斯拉夫。其叶形花色优美典雅，蓝紫色花序颀长秀丽，是庭院中一种新的多年生耐寒花卉，适宜花径丛植或条植，也可盆栽观赏。');
INSERT INTO `category` VALUES ('21', '石榴花', '石榴花（拉丁学名：Punicagranatum），落叶灌木或小乔木石榴的花；为石榴属植物，石榴树干灰褐色，有片状剥落，嫩枝黄绿光滑，常呈四棱形，枝端多为刺状，无顶芽。石榴花单叶对生或簇生，矩圆形或倒卵形，新叶嫩绿或古铜色。花朵至数朵生于枝顶或叶腋，花萼钟形，肉质，先端6裂，表面光滑具腊质，橙红色，宿存。花瓣5～7枚红色或白色，单瓣或重瓣。石榴花常用扦插、分株和压条繁殖等种植方法。其具有收敛止泻，杀早等药用价值，可做成炒石榴花等菜肴。其花语为：成熟的美丽 、富贵 和子孙满堂。');
INSERT INTO `category` VALUES ('22', '杜鹃', '杜鹃花（学名：Rhododendron simsii Planch.），又称山踯躅、山石榴、映山红，系杜鹃花科落叶灌木，落叶灌木。全世界的杜鹃花约有900种。中国是杜鹃花分布最多的国家，约有530余种，杜鹃花种类繁多，花色绚丽，花、叶兼美，地栽、盆栽皆宜，是中国十大传统名花之一。传说杜鹃花是由一种鸟吐血染成的。\r\n\r\n重庆西南，酉阳、秀山等地，盛产杜鹃花，大多都叫映山红。');
INSERT INTO `category` VALUES ('23', '栀子花', '栀子花（学名：Gardenia jasminoides），又名栀子、黄栀子，龙胆目茜草科。属茜草科，为常绿灌木，枝叶繁茂，叶色四季常绿，花芳香，为重要的庭院观赏植物。单叶对生或三叶轮生，叶片倒卵形，革质，翠绿有光泽。浆果卵形，黄色或橙色。 除观赏外，其花、果实、叶和根可入药，有泻火除烦，清热利尿，凉血解毒之功效。花可做茶之香料，果实可消炎祛热。是优良的芳香花卉。 栀子花喜光照充足且通风良好的环境，但忌强光曝晒。宜用疏松肥沃、排水良好的酸性土壤种植。可用扦插、压条、分株或播种繁殖。');
INSERT INTO `category` VALUES ('24', '水仙', '水仙（Narcissus tazettaL. var. chinensis Roem. ）：又名中国水仙，是多花水仙的一个变种。是石蒜科多年生草本植物。水仙的叶由鳞茎顶端绿白色筒状鞘中抽出花茎（俗称箭）再由叶片中抽出。一般每个鳞茎可抽花茎1-2枝，多者可达8-11枝，伞状花序。花瓣多为6片，花瓣末处呈鹅黄色。花蕊外面有一个如碗一般的保护罩。鳞茎卵状至广卵状球形，外被棕褐色皮膜。叶狭长带状，蒴果室背开裂。花期春季。\r\n\r\n水仙性喜温暖、湿润、排水良好。在中国已有一千多年栽培历史，为传统观赏花卉，是中国十大名花之一。\r\n\r\n水仙鳞茎多液汁，有毒，含有石蒜碱、多花水仙碱等多种生物碱；外科用作镇痛剂；鳞茎捣烂敷治痈肿。牛羊误食鳞茎，立即出现痉挛、瞳孔放大、暴泻等。冬季至春季开放的花。酢浆草的同类植物。有近万个品种。');
INSERT INTO `category` VALUES ('25', '竹子', '竹子，又名竹。品种繁多，有箭竹、水竹、斑竹、刺竹、文竹、泰竹、圣音竹、撑绿竹、龟甲竹、青皮竹、茶秆竹等。多年生禾本科竹亚科植物，茎为木质，是禾本科的一个分支。在热带、亚热带地区，东亚、东南亚和印度洋及太平洋岛屿上分布最集中，种类很多，有的低矮似草，有的高如大树，生长迅速。 \r\n\r\n通常通过地下匍匐的根茎成片生长，也可以通过开花结籽繁衍，种子被称为竹米。有些种类的竹笋可以食用。竹枝杆挺拔，修长，四季青翠，傲雪凌霜，倍受中国人喜爱，与梅、兰、菊并称为四君子，与梅、松并称为岁寒三友，古今文人墨客，爱竹咏竹者众多。');
INSERT INTO `category` VALUES ('26', '鸢尾', '鸢尾（学名：Iris tectorum Maxim. ）又名：蓝蝴蝶、紫蝴蝶、扁竹花等，属天门冬目，鸢尾科多年生草本，根状茎粗壮，直径约1cm，斜伸；叶长15~50cm，宽1.5~3.5cm，花蓝紫色，直径约10cm；蒴果长椭圆形或倒卵形，长4.5~6cm，直径2~2.5cm。原产于中国中部以及日本，主要分布在中国中南部。可供观赏，花香气淡雅，可以调制香水，其根状茎可作中药，全年可采，具有消炎作用。');
INSERT INTO `category` VALUES ('27', '山茶花', '山茶花（学名：Camellia japonica L. ），又名：山茶、茶花，山茶科、山茶属植物属常绿灌木和小乔木。古名海石榴。有玉茗花、耐冬或曼陀罗等别名，又被分为华东山茶、川茶花和晚山茶。茶花的品种极多，是中国传统的观赏花卉，\"十大名花\"中排名第七，亦是世界名贵花木之一。\r\n\r\n分布于重庆、浙江、四川、江西及山东；日本、朝鲜半岛也有分布。');
INSERT INTO `category` VALUES ('28', '紫罗兰', '紫罗兰，拉丁文学名：（Matthiola incana (L.) R. Br.）十字花科、紫罗兰属二年生或多年生草本。 全株密被灰白色具柄的分枝柔毛。茎直立，多分枝，基部稍木质化。叶片长圆形至倒披针形或匙形。 \r\n\r\n原产地中海沿岸。中国南部地区广泛栽培，欧洲名花之一。中国大城市中常有物种，可以栽于庭园或温室中，供观赏。此花与三色堇相似，易混淆。');
INSERT INTO `category` VALUES ('29', '昙花', '昙花（学名：Epiphyllum oxypetalum  （DC.）Haw ）：附生肉质灌木，高2-6米，老茎圆柱状，木质化。分枝多数，叶状侧扁，披针形至长圆状披针形，边缘波状或具深圆齿，基部急尖、短渐尖或渐狭成柄状，深绿色，无毛，中肋粗大，老株分枝产生气根。花单生于枝侧的小窠，漏斗状，于夜间开放，芳香，长25-30厘米，直径10-12厘米；花托绿色，略具角，被三角形短鳞片；瓣状花被片白色，倒卵状披针形至倒卵形，长7-10厘米，宽3-4.5厘米，边缘全缘或啮蚀状。浆果长球形，具纵棱脊，无毛，紫红色。种子多数，卵状肾形，亮黑色，具皱纹，无毛。\r\n\r\n生长地海拔1000-1200米。喜温暖湿润的半阴、温暖和潮湿的环境，不耐霜冻，忌强光暴晒。昙花享有“月下美人”之誉。当花渐渐展开后，过1-2小时又慢慢地枯萎了，整个过程仅4个小时左右。故有“昙花一现”之说。世界各地区广泛栽培；中国各省区常见栽培。');
INSERT INTO `category` VALUES ('30', '凤仙花', '凤仙花（学名：Impatiens balsamina L.）别名：指甲花，急性子，凤仙透骨草，牻牛儿苗目、凤仙花科、凤仙花属一年生草本花卉，全株分根、茎、叶子、花、果实和种子六个部分。因其花头、翅、尾、足俱翘然如凤状，故又名金凤花。凤仙花的身体有根、茎、叶子、花、果实和种子六个部分。花颜色多样，有粉红，大红，紫色，粉紫等多种颜色，花瓣或者叶子捣碎，用树叶包在指甲上，能染上鲜艳的红色，非常漂亮，很受女孩子的喜爱。');
INSERT INTO `category` VALUES ('31', '荷花', '荷花（Lotus flower）：属毛茛目睡莲科，是莲属二种植物的通称。又名莲花、水芙蓉等。是莲属多年生水生草本花卉。地下茎长而肥厚，有长节，叶盾圆形。花期6至9月，单生于花梗顶端，花瓣多数，嵌生在花托穴内，有红、粉红、白、紫等色，或有彩纹、镶边。坚果椭圆形，种子卵形。\r\n\r\n荷花种类很多，分观赏和食用两大类。原产亚洲热带和温带地区，中国早在周朝就有栽培记载。荷花全身皆宝，藕和莲子能食用，莲子、根茎、藕节、荷叶、花及种子的胚芽等都可入药。其出污泥而不染之品格恒为世人称颂。“接天莲叶无穷碧，映日荷花别样红”就是对荷花之美的真实写照。荷花“中通外直，不蔓不枝，出淤泥而不染，濯清涟而不妖”的高尚品格，历来为古往今来诗人墨客歌咏绘画的题材之一。\r\n\r\n1985年5月荷花被评为中国十大名花之一。荷花是印度和越南的国花。');
INSERT INTO `category` VALUES ('32', '樱花', '樱花（学名：Cerasus sp.）：是蔷薇科樱属几种植物的统称，樱花是乔木，高4-16米，树皮灰色。小枝淡紫褐色，无毛，嫩枝绿色，被疏柔毛。冬芽卵圆形，无毛。叶片椭圆卵形或倒卵形，长5-12厘米，宽2.5-7厘米，先端渐尖或骤尾尖，基部圆形，稀楔形，边有尖锐重锯齿，齿端渐尖，有小腺体，上面深绿色，无毛，下面淡绿色，沿脉被稀疏柔毛，有侧脉7-10对；叶柄长1.3-1.5厘米，密被柔毛，顶端有1-2个腺体或有时无腺体；托叶披针形，有羽裂腺齿，被柔毛，早落。\r\n\r\n在《中国植物志》新修订的名称中专指“东京樱花”，亦称“日本樱花”，每年的3月15日至4月15日是日本的“樱花节”。樱花品种相当繁多，数目超过三百种以上，全世界共有野生樱花约150种，中国有50多种。全世界约40种樱花类植物野生种祖先中，原产于中国的有33种。其他的则是通过园艺杂交所衍生得到的品种。\r\n\r\n樱花原产北半球温带环喜马拉雅山地区，在世界各地都有生长，主要在日本生长。花每枝3到5朵，成伞状花序，花瓣先端缺刻，花色多为白色、粉红色。花常于3月与叶同放或叶后开花，随季节变化，樱花花色幽香艳丽，常用于园林观赏。樱花可分单瓣和复瓣两类，单瓣类能开花结果，复瓣类多半不结果。\r\n\r\n据文献资料考证，两千多年前的秦汉时期，樱花已在中国宫苑内栽培。唐朝时樱花已普遍出现在私家庭院。但是当时的樱花不同于日本现在的樱花。');

-- ----------------------------
-- Table structure for flower
-- ----------------------------
DROP TABLE IF EXISTS `flower`;
CREATE TABLE `flower` (
  `fid` int(11) NOT NULL auto_increment,
  `fname` varchar(255) default NULL COMMENT '鲜花名字',
  `market_price` double(10,2) default NULL COMMENT '商场价',
  `discount` double(10,2) default NULL COMMENT '折扣',
  `shop_price` double(10,2) default NULL COMMENT '销售价',
  `image` varchar(255) default NULL COMMENT '图片',
  `cid` int(11) default NULL COMMENT '鲜花类型',
  `is_hot` int(11) default NULL COMMENT '是否热卖',
  `fdate` timestamp NULL default NULL on update CURRENT_TIMESTAMP COMMENT '上线时间',
  `fcount` int(11) default NULL COMMENT '数量',
  `advice` varchar(1000) default NULL COMMENT '鲜花描述',
  PRIMARY KEY  (`fid`),
  KEY `cid` (`cid`),
  CONSTRAINT `flower_ibfk_1` FOREIGN KEY (`cid`) REFERENCES `category` (`cid`)
) ENGINE=InnoDB DEFAULT CHARSET=utf8;

-- ----------------------------
-- Records of flower
-- ----------------------------
INSERT INTO `flower` VALUES ('1', '西府海棠', '24.00', '8.80', '15.00', 'images/product/01.jpg', '13', '1', '2021-03-01 15:43:34', '3', '西府海棠（学名：Malus micromalus）为蔷薇科苹果属的植物，小乔木，高达2.5-5米，树枝直立性强，为中国的特有植物。西府海棠在北方干燥地带生长良好，是绿化工程中较受欢迎的产品。\r\n\r\n在中国果品名称中，海棠的品种极为复杂，尚待研究统一。在植物分类中，暂以西府海棠M.micromalus Makino一名概括之，不再分列为多种，以免引起混乱。海棠的主要栽培品种有河北怀来的“八棱海棠”、昌黎的“平顶热花红”、“冷花红”，陕西的“果红”、“果黄”，云南的“海棠”和“青刺海棠”。\r\n\r\n2009年04月24日被选为陕西宝鸡的市花，宝鸡古有西府一称，西府海棠由此而来。');
INSERT INTO `flower` VALUES ('2', '垂丝海棠', '240.00', '7.00', null, 'images/product/02.jpg', '13', '1', '2021-03-01 15:43:37', '10', '垂丝海棠（学名：Malus halliana Koehne）是中国特有的蔷薇科苹果属植物。\r\n\r\n落叶小乔木，高达5米，树冠开展；叶片卵形或椭圆形至长椭卵形，伞房花序，具花4-6朵，花梗细弱下垂，有稀疏柔毛，紫色；萼筒外面无毛；萼片三角卵形，花瓣倒卵形，基部有短爪，粉红色，常在5数以上；果实梨形或倒卵形，略带紫色，成熟很迟，萼片脱落。花期3-4月，果期9-10月。生山坡丛林中或山溪边，海拔50-1200米。\r\n\r\n分布于中国江苏、浙江、安徽、陕西、四川和云南。可入药，主治血崩。');
INSERT INTO `flower` VALUES ('3', '贴梗海棠', '160.00', '5.00', null, 'images/product/03.jpg', '13', '1', '2021-03-01 15:43:36', '20', '贴梗海棠，是蔷薇科木瓜属植物，其枝秆丛生，枝上有刺，其花梗极短，花朵紧贴在枝干上，故名。其花朵鲜润丰腴、绚烂耀目，是庭园中主要春季花木之一，既可在园林中单株栽植布置花境，亦可成行栽植作花篱，又可作盆栽观赏，是理想的花果树桩盆景材料。果实叫皱皮木瓜，作中药材使用时简称木瓜，是我国特有的珍稀水果之一，具有很高的药用价值和食用价值。产于浙江、安徽、河南、江苏、山东、河北等地。');
INSERT INTO `flower` VALUES ('4', '木瓜海棠', '140.00', '8.80', null, 'images/product/04.jpg', '13', '1', '2020-12-22 00:00:00', '30', '木瓜海棠（学名：Chaenomeles cathayensis Schneid.）：落叶灌木至小乔木，高2-6米；枝条直立，具短枝刺；小枝圆柱形，微屈曲，无毛，紫褐色，有疏生浅褐色皮孔。叶片椭圆形、披针形至倒卵披针形，长5-11厘米，宽2-4厘米。花先叶开放，2-3朵簇生于二年生枝上；花直径2-4厘米；萼筒钟状，外面无毛或稍有短柔毛；萼片直立，卵圆形至椭圆形；花瓣倒卵形或近圆形，长10-15毫米，宽8-15毫米，淡红色或白色。果实卵球形或近圆柱形，先端有突起，长8-12厘米，宽6-7厘米，黄色有红晕，味芳香。花期3-5月，果期9-10月。\r\n\r\n生山坡、林边、道旁、栽培或野生，海拔900-2500米。产中国陕西、甘肃、江西、湖北、湖南、四川、云南、贵州、广西。果实入药可作木瓜的代用品。各地习见栽培，耐寒力不及木瓜和皱皮木瓜。');
INSERT INTO `flower` VALUES ('5', '爬地海棠', '320.00', '9.00', null, 'images/product/05.jpg', '13', '0', '2021-03-01 15:43:29', '11', '爬地海棠。因为自主匍匐生长，像在地面上爬行而得名。爬地海棠的叶子形状和花朵的形状和贴梗海棠相似，但是花朵少儿稠密，枝条要么斜生，要么匍匐生长。花朵颜色为红色或橙红色。花期很长，每年的3-4月为盛花期，夏秋季节也有花开，但是数量不多。花朵先与叶子开放或同期开放。果实为椭圆形和圆球形，颜色为兰花色，带红晕。');
INSERT INTO `flower` VALUES ('6', '东洋锦海棠', '150.00', '7.00', null, 'images/product/06.jpg', '13', '0', '2020-12-08 00:00:00', '7', '东洋锦海棠，又名复色海棠，也是海棠花的种类之一。因为花朵出现多种颜色而得名。一株可以同时开出大红色、粉红色、紫红色、红色、鲜红色、橙红色、白色等颜色的花。叶子颜色绿色、紫红色、红色、黄橙色。秋季是叶子最美。果实小巧玲珑，颜色为红色、黄橙色。');
INSERT INTO `flower` VALUES ('7', '四季秋海棠', '110.00', '9.50', null, 'images/product/07.jpg', '13', '1', '2020-12-09 00:00:00', '6', '四季秋海棠的根系发达，叶子呈卵圆或广卵圆形，基部斜生，颜色为红色或紫红色。花朵形状为聚伞花序腋生，雌雄同株异花，花朵颜色为红色，粉红色，紫红色。花瓣单瓣或重瓣。');
INSERT INTO `flower` VALUES ('8', '八棱海棠', '130.00', '6.00', null, 'images/product/08.jpg', '13', '0', '2020-12-23 00:00:00', '8', '又名怀来海棠、海红，属蔷薇科，苹果亚科，苹果属，西府海棠种，是我国栽培历史悠久的果中珍品。八棱海棠树枝条细长、均匀且柔软,树型优美，是美化风景的上好首选观赏树，有极高的观赏价值。');
INSERT INTO `flower` VALUES ('9', '日本海棠', '24.00', '8.80', '15.00', 'images/product/09.jpg', '13', '1', '2021-03-01 00:00:00', '3', '又名倭海棠，日本木瓜。其花与贴梗海棠极相似，只是叶稍薄。其干多丛生，多分枝，枝上有疣状物突起，枝上有细刺。花色有大红和粉红色，每簇花由数朵组成，紧贴在枝上，艳丽妩媚。盛开时繁花似锦，极为美观，是春节观赏的佳品。');
INSERT INTO `flower` VALUES ('10', '铁十字海棠', '24.00', '8.80', '15.00', 'images/product/10.jpg', '13', '1', '2020-12-05 00:00:00', '3', '铁十字海棠其花小不明显，黄绿色叶面嵌有红褐色十字形斑纹，十分秀丽，是秋海棠中较为名贵的品种。适用于宾馆、厅室、橱窗、窗台摆设点缀。');
INSERT INTO `flower` VALUES ('11', '卡罗拉', '24.00', '8.80', '15.00', 'images/product/11.jpg', '1', '1', '2020-12-01 00:00:00', '3', '生活中有许多种不同种类的玫瑰，今天就来说说26种常见玫瑰花品种，卡罗拉属于红玫瑰的一种，人们常将它作为切花使用。卡罗拉玫瑰的花朵很大，它的花瓣外层是卷曲着生长的，这种玫瑰具有很强的抗病能力。');
INSERT INTO `flower` VALUES ('12', '白玫瑰', '24.00', '8.80', '15.00', 'images/product/12.jpg', '1', '0', '2021-03-01 15:43:27', '3', '白玫瑰又被称为单瓣玫瑰，这种玫瑰属于蔷薇科植物，它的花朵有点像蔷薇又有点像月季，但仔细看的话还是有区别的。白玫瑰适应力很强，喜欢在通风、凉爽、光照充足的环境中生长，具有耐寒、耐旱等多种特性。');
INSERT INTO `flower` VALUES ('13', '紫玫瑰', '24.00', '8.80', '15.00', 'images/product/13.jpg', '1', '1', '2021-03-01 13:07:46', '3', '紫玫瑰是玫瑰中较为稀有的品种，这种玫瑰是高卢蔷薇的杂交后代，多分布在伊朗，紫玫瑰的植株上长有较多的分枝。紫玫瑰具有很强的耐寒能力，冬季能在北方地区露天生长，它对土壤的要求不严，但最适宜在肥沃土壤中生长。');
INSERT INTO `flower` VALUES ('14', '法兰西', '24.00', '8.80', '15.00', 'images/product/14.jpg', '1', '0', '2021-03-01 15:43:41', '3', '法兰西玫瑰也被称为法国玫瑰或粉玫瑰，这种玫瑰对土壤的要求也不严，但通常生长在微碱性和含有腐殖质、排水性好的中性或微酸性土壤中的植株长势很好。法兰西玫瑰生长速度快，花期长，适应力很强，全国都有种植。');
INSERT INTO `flower` VALUES ('15', '戴安娜', '24.00', '8.80', '15.00', 'images/product/15.jpg', '1', '1', '2021-03-01 13:08:59', '3', '戴安娜玫瑰原产于德国，每年夏季开花，它的花期很长，到了秋季花朵才会凋谢。戴安娜玫瑰花朵为杏色，常被作为观赏性花卉种植，这种玫瑰喜欢在温带地区生长，不耐寒，冬季养殖时要做好防寒措施，以防植株被冻伤。');
INSERT INTO `flower` VALUES ('16', '冷美人', '24.00', '8.80', '15.00', 'images/product/16.jpg', '1', '1', '2021-03-01 13:12:36', '3', '冷美人玫瑰是紫玫瑰的一种，这种玫瑰只做观赏用，没有别的价值，冷美人玫瑰喜欢在疏松、肥沃、含有腐殖质的微酸性土壤中生长。冷美人玫瑰喜水但害怕水涝，种植时既要让植株接受充足的水分，同时也要防止浇水过多。');
INSERT INTO `flower` VALUES ('17', '金香玉', '24.00', '8.80', '15.00', 'images/product/17.jpg', '1', '0', '2021-03-01 15:43:27', '3', '金香玉玫瑰最高能长到40cm，它的花朵呈黄色，它的枝条很细，上面长有很多小刺，种植时要小心，以防手被划开。金香玉玫瑰的花苞很饱满，它的叶片颜色很翠绿，看起来很清爽，这种玫瑰在生长过程中很少感染病虫害。');
INSERT INTO `flower` VALUES ('18', '雪山', '24.00', '8.80', '15.00', 'images/product/18.jpg', '1', '1', '2021-03-01 13:13:25', '3', '雪山玫瑰属于白玫瑰的一种，这种玫瑰的花朵介于白色和淡绿色之间，它象征着纯洁、高贵、天真，我国云南和台湾地区多有种植。雪山玫瑰是玫瑰中长得最可爱的品种，它的花语是不被注意的美、甘心为你付出所有。');
INSERT INTO `flower` VALUES ('19', '玛利亚', '24.00', '8.80', '15.00', 'images/product/19.jpg', '1', '1', '2021-03-01 13:13:44', '3', '玛利亚玫瑰原产于加拿大，喜欢在光照充足的环境中生长，不耐阴，种植时每天要让植株接受5小时以上的光照。玛利亚玫瑰对温度的要求较高，种植时白天最好将温度控制在15～26度，晚上最好将温度控制在10～15度。');
INSERT INTO `flower` VALUES ('20', '芬得拉', '24.00', '8.80', '15.00', 'images/product/20.jpg', '1', '1', '2021-03-01 13:14:44', '3', '芬得拉玫瑰花朵呈米白色，常被作为七彩玫瑰种植，这种玫瑰是白玫瑰的一种，最高能长到2米，通常会在5～6月开花。芬得拉玫瑰喜欢在碱性土壤中生长，它的花朵经过加工后可作为药材入药，有活血、调经的功效。');
INSERT INTO `flower` VALUES ('21', '春兰', '24.00', '8.80', '15.00', 'images/product/21.jpg', '10', '0', '2021-03-01 15:43:43', '3', '春兰是一种历史悠久、深受人们喜爱的兰花品种，整个植株较为小巧玲珑，多开绿色和淡黄色的花朵。春兰所开的的花带有一股幽香，并且其叶姿十分优美，象征着人世间的一些美好事物，代表着清幽雅淡、高洁的品性。');
INSERT INTO `flower` VALUES ('22', '墨兰', '24.00', '8.80', '15.00', 'images/product/22.jpg', '10', '1', '2021-03-01 13:54:52', '3', '墨兰是兰花品种中十分热门的一种兰花。墨兰的叶片为暗绿色的带型，所开的花多为暗紫色或者紫褐色，带有一股闻起来较浓的香味。墨兰因为在春节前后开放，又被称为报岁兰，多被用来互赠亲友或者装饰房间，是一种礼仪花卉。');
INSERT INTO `flower` VALUES ('23', '建兰', '24.00', '8.80', '15.00', 'images/product/23.jpg', '10', '0', '2021-03-01 15:43:26', '3', '建兰作为兰花的一种，具有较高的药用价值和园艺价值。建兰会开出色泽变化较大的带有香气的花朵，花色多为浅黄绿色带有紫斑，并且植株健壮，经常被用来设计庭院进行装饰。同时建兰还有止咳化痰、滋阴养肺、活血、止痛的药用价值。');
INSERT INTO `flower` VALUES ('24', '豆瓣兰', '24.00', '8.80', '15.00', 'images/product/24.jpg', '10', '1', '2021-03-01 13:58:09', '3', '豆瓣兰也是兰花中的一个优秀品种，一般是生长在温暖湿润的云南地区。豆瓣兰不开花时与春兰极为相似，但是豆瓣兰会开出具有厚厚的花瓣的深绿色花朵，花型十分可爱，但是没有其余兰花开花时的幽香。');
INSERT INTO `flower` VALUES ('25', '蝴蝶兰', '24.00', '8.80', '15.00', 'images/product/25.jpg', '10', '0', '2021-03-01 15:43:45', '3', '蝴蝶兰在兰花中属于一种高档品种，花型十分美丽，就像是蝴蝶在枝头翩翩起舞，其名字也是来源于此。并且蝴蝶兰花色丰富，有蓝色、红色、白色等多种颜色，还带有一股沁人心脾的清新香气。');
INSERT INTO `flower` VALUES ('26', '寒兰', '24.00', '8.80', '15.00', 'images/product/26.jpg', '10', '1', '2021-03-01 14:00:36', '10', '寒兰作为一种清幽高雅的兰花，其植株茎干修长，叶片姿态优雅秀丽，并带有清醇的香气。寒兰的花瓣多为黄绿色，上面带有淡黄色的唇瓣，看起来十粉艳丽，不少花友认为它汇集了多种兰花的美丽，对其十分喜爱。');
INSERT INTO `flower` VALUES ('27', '蕙兰', '24.00', '8.80', '15.00', 'images/product/27.jpg', '10', '1', '2021-03-01 14:00:56', '10', '在兰花的名品中，蕙兰是其中一种被大多数人推崇喜爱的花朵，就像它的名字一样，整株兰花看起来就像是蕙质兰心的少女。蕙兰的花朵唇瓣上有紫红色斑，并带有淡淡香气，具有自己的独特魅力。');
INSERT INTO `flower` VALUES ('28', '卡特兰', '24.00', '8.80', '15.00', 'images/product/28.jpg', '10', '1', '2021-03-01 14:01:22', '10', '卡特兰是国际上最为有名的一种兰花，花朵硕大美丽，并且其花色丰富鲜艳。除了黑色和蓝色以外，各种颜色都可以在卡特兰的花朵上看见，因其美艳的花姿，卡特兰又被人们誉为花中皇后和兰花之王。');
INSERT INTO `flower` VALUES ('29', '大根兰', '24.00', '8.80', '15.00', 'images/product/29.jpg', '10', '0', '2021-03-01 15:43:25', '10', '大根兰也是兰花中的一种，属于腐生兰这一类中的有名兰花。在夏季的6～8月，没有绿叶的大根兰会开出2～5朵花，花色是白色带黄色，上面有一条紫红色的纵带，并且唇瓣上也有紫红色斑，看起来十分美丽。');
INSERT INTO `flower` VALUES ('30', '送春兰', '24.00', '8.80', '15.00', 'images/product/30.jpg', '10', '1', '2021-03-01 14:04:03', '10', '送春兰是最近的兰花界新宠，审定后不少花友追捧。送春兰的生长周期很慢，一般需要两个生长周期才能完成生长，并在3～4月晚春开花，因此得名送春兰。它的花色为黄绿色，带有一股清香，带有较好的寓意，也是送人时可以选择的一种兰花花卉。');
INSERT INTO `flower` VALUES ('31', '香根鸢尾', '24.00', '8.80', '15.00', 'images/product/31.jpg', '26', '1', '2021-03-01 14:09:04', '10', '香根鸢尾：原产于南欧和西亚。根茎粗大，叶宽呈灰绿色。花茎高出叶丛，花茎上着生2-3朵花，花大而有微香，垂瓣淡红紫色至堇色，脉色较深，有黄色须毛。香根鸢尾的花大多是蓝紫色系，苞片一般为浅黄色的薄膜状。香根鸢尾的根状茎可提取香料，用于制造化妆品或作为药品的矫味剂和日用化工品的调香、定香剂。');
INSERT INTO `flower` VALUES ('32', '路易斯安娜鸢尾', '24.00', '8.80', '15.00', 'images/product/32.jpg', '26', '1', '2021-03-01 14:11:30', '10', '路易斯安娜鸢尾:四季常绿水生鸢尾。果实大，不结籽，宿根、块茎。整株高1米左右。喜湿，也耐旱，是沼泽地绿化和美化环境的优良材料，花期在5月上旬至6月。');
INSERT INTO `flower` VALUES ('33', '荷兰鸢尾', '24.00', '8.80', '15.00', 'images/product/33.jpg', '26', '0', '2021-03-01 15:43:25', '10', '荷兰鸢尾：原产于西班牙及摩洛哥的原种。球根花卉，叶披针形、对折,绿色。双花茎，花顶生，花蝶形辐射对称，垂瓣3枚，黄色心形，具琴状瓣柄，中央部具匙形橙黄色条斑，瓣缘向下弯垂；旗瓣3枚，长椭圆形，斜立，白色中略带淡紫色。');
INSERT INTO `flower` VALUES ('34', '德国鸢尾', '24.00', '8.80', '15.00', 'images/product/34.jpg', '26', '1', '2021-03-01 14:11:38', '10', '德国鸢尾：原产欧洲中部和南部。根状茎粗壮，叶丛生；花茎高出叶丛，花朵硕大，垂瓣椭圆形，中肋有须毛，旗瓣拱形直立，花柱分枝花瓣状，向外反折。德国鸢尾花色丰富，拥有彩虹中从红到紫的各种颜色，花型、条纹复杂多变，是重要的切花材料之一。德国鸢尾气味芬芳，其根茎经多重处理后，可提取凝脂或浸膏，是贵重的天然香料。');
INSERT INTO `flower` VALUES ('35', '西班牙莺尾', '24.00', '8.80', '15.00', 'images/product/35.jpg', '26', '0', '2021-03-01 15:43:48', '10', '西班牙莺尾：原产西班牙及地屮海沿岸。地下茎为鱗茎，卵形，外有褐色膜质外皮。叶线形，花茎粗壮，顶生花1-2朵，红紫色，垂瓣圆形，基部有黄色斑纹,旗瓣长椭圆形，同垂瓣等长。西班牙莺尾在欧洲的栽培历史悠久，是鲜切花的重要品种之一，在荷兰花卉商品生产中仅次于郁金香。');
INSERT INTO `flower` VALUES ('36', '西伯利亚鸢尾', '24.00', '8.80', '15.00', 'images/product/36.jpg', '26', '1', '2021-03-01 14:11:48', '10', '西伯利亚鸢尾：原产于欧洲，多年生草本植物，常栽于庭园及花坛中供观赏。叶灰绿色，花茎高于叶片。花蓝紫色，外花被裂片倒卵形，上部反折下垂，内花被裂片狭椭圆形或倒披针形，直立。');
INSERT INTO `flower` VALUES ('37', '玉蝉花', '24.00', '8.80', '15.00', 'images/product/37.jpg', '26', '0', '2021-03-01 15:43:24', '10', '玉蝉花：原产我国东北和内蒙，在日本、朝鲜也有分布。根茎短而粗壮，近似菖蒲根，故又名花莒蒲。叶基生花茎直立，花朵硕大，鲜红紫色，垂瓣有黄斑紫纹，无须毛，旗瓣比垂瓣长三分之二，色与垂瓣相同。耐寒，喜水湿地。');
INSERT INTO `flower` VALUES ('38', '马蔺', '24.00', '8.80', '15.00', 'images/product/38.jpg', '26', '1', '2021-03-01 14:11:56', '10', '马蔺：原产我国西北至东北地带。根茎粗短叶线形，叶丛中抽生花茎，上端着花1-3朵。花蓝紫色，垂瓣稍大，中部有黄色条纹，旗瓣直立，花柱分枝，花瓣状，柱头蓝色。马蔺抗性强，叶韧性，常作綁扎材料，也是造纸原料；花、种子、根均可入药。');
INSERT INTO `flower` VALUES ('39', '贝蒂蓝', '24.00', '8.80', '15.00', 'images/product/39.jpg', '20', '1', '2021-03-01 14:15:09', '10', '薰衣草不仅香味扑鼻，而且花色较美，而贝蒂蓝就是薰衣草的品种大全之一，贝蒂蓝薰衣草的花穗较大，植株高度可达75厘米，花瓣多为深蓝紫色，花期一般在4～6月，常被种植在精致的小花园供人欣赏，有极高的观赏价值。');
INSERT INTO `flower` VALUES ('40', '法国薰衣草', '24.00', '8.80', '15.00', 'images/product/40.jpg', '20', '1', '2021-03-01 14:15:31', '10', '法国薰衣草又叫做西班牙薰衣草，喜爱稍微干燥的生长环境，花色多为深紫色，花苞较小，植株高度约在20～45cm左右，原产于法国南部，在法国广受欢迎。');
INSERT INTO `flower` VALUES ('41', '藤本月季', '24.00', '8.80', '15.00', 'images/product/41.jpg', '2', '0', '2021-03-01 15:43:23', '10', '月季有很多不同的盆栽，大多品种都可以盆栽养护，藤本月季这种品种可以攀爬养护，当它幼苗时可进行搭架、绑扎，每年的春夏秋三季开花，5～6月花朵开得最旺盛。');
INSERT INTO `flower` VALUES ('42', '仙境月季', '24.00', '8.80', '15.00', 'images/product/42.jpg', '2', '1', '2021-03-01 14:18:41', '10', '在月季品种里除了藤本月季比较常见之外，仙境月季也比较常见，它对环境的要求不高，开出来的花朵大而鲜艳，有着很高的观赏价值，深受人们的喜爱。');
INSERT INTO `flower` VALUES ('43', '冰山月季', '24.00', '8.80', '15.00', 'images/product/43.jpg', '2', '1', '2021-03-01 14:18:56', '10', '冰山月季平时很难见到，冰山月季开出来的花朵大多都是白色的，形态也和其它品种的有很大的差别，有着独特的观赏价值，适合将其盆栽养护做观赏植物。');
INSERT INTO `flower` VALUES ('44', '中国红月季', '24.00', '8.80', '15.00', 'images/product/44.jpg', '2', '1', '2021-03-01 14:19:16', '10', '中国红月季和大多数品种的花期差不多，都是在4～9月时开花，开出的花朵大多都是鲜红的，在我国南北地区都有分布，中国红月季耐阴凉，适合将其盆栽放在室内养护。');
INSERT INTO `flower` VALUES ('45', '赫尔恩月季', '24.00', '8.80', '15.00', 'images/product/45.jpg', '2', '0', '2021-03-01 15:43:22', '10', '赫尔恩也是月季的品种，它如果养护的好可一年四季开花，开出来的花朵有红、白等多种颜色，而且花朵是重瓣的，会散发出迷人的花香，很多人都喜欢养殖赫尔恩月季。');
INSERT INTO `flower` VALUES ('46', '莫海姆月季', '24.00', '8.80', '15.00', 'images/product/46.jpg', '2', '1', '2021-03-01 14:19:49', '10', '莫海姆在月季的品种中，属于优良月季品种，它不仅耐寒还耐高温，莫海姆月季的生命力极强，开出来的花朵大多都是红色的，花朵也会散发淡淡的清香。');
INSERT INTO `flower` VALUES ('47', '香欢喜月季', '24.00', '8.80', '15.00', 'images/product/47.jpg', '2', '1', '2021-03-01 14:20:05', '10', '香欢喜月季对环境要求比较高，在我国南方少部分地区有栽植，开出来的花朵颜色繁多，还有少数花朵夹杂其它的颜色，有着独特的观赏价值。');
INSERT INTO `flower` VALUES ('48', '黑美人月季', '24.00', '8.80', '15.00', 'images/product/48.jpg', '2', '1', '2021-03-01 14:20:20', '10', '黑美人月季是比较独特的月季花品种，它开出来的花朵十分美丽，黑色中夹杂着其它颜色，具有着很高的观赏价值，对环境的适应能力也比较强，不过平时很少见到。');
INSERT INTO `flower` VALUES ('49', '紫色时代月季', '24.00', '8.80', '15.00', 'images/product/49.jpg', '2', '1', '2021-03-01 14:20:35', '10', '紫色时代月季在月季的品种中，植株形态比较矮小，开出来的花朵也没有其它品种的大，紫色时代月季花朵大多都是紫色的，对环境要求比较高，如果养护不好很容易患上病害。');
INSERT INTO `flower` VALUES ('50', '粉柯斯特月季', '24.00', '8.80', '15.00', 'images/product/50.jpg', '2', '0', '2021-03-01 15:43:21', '10', '粉柯斯特月季花期在4～9月份，它开出来的花朵颜色繁多，不过大多都是粉色的，平时养护时需控制好环境温度，还要给它提供充足的养分，才能促使粉柯斯特月季开出美丽的花朵。');
INSERT INTO `flower` VALUES ('51', '魏紫', '24.00', '8.80', '15.00', 'images/product/51.jpg', '3', '1', '2021-03-01 14:24:30', '10', '牡丹名贵品种“魏紫”,出自五代洛阳魏仁博家。花紫红色，荷花形或皇冠形。花期长，花量大，花朵丰满，被推为“花后”。');
INSERT INTO `flower` VALUES ('52', '赵粉', '24.00', '8.80', '15.00', 'images/product/52.jpg', '3', '1', '2021-03-01 14:24:45', '10', ' 牡丹名贵品种“赵粉”出自清代赵家花园。因花为粉红色而得名，旧时称“童子面”。花型多样，植株生长势强，花量大，为多花品种，清香宜人。');
INSERT INTO `flower` VALUES ('53', '姚黄', '24.00', '8.80', '15.00', 'images/product/53.jpg', '3', '1', '2021-03-01 14:25:01', '10', '牡丹名贵品种“姚黄”出自宋代洛阳邙山脚下白司马坡姚崇家。花初开为鹅黄色，盛开时金黄色。花开高于叶面，开花整齐，花形丰满，光彩照人，气味清香，有“花王”之称。');
INSERT INTO `flower` VALUES ('54', '二乔', '24.00', '8.80', '15.00', 'images/product/54.jpg', '3', '1', '2021-03-01 14:25:17', '10', '牡丹名贵品种“二乔”出自宋代元丰年间银李园，原称“洛阳锦”，移至曹州(今菏泽)后改称二乔。同株、同枝可开紫红、粉白两色花朵，或同一朵花上紫红和粉白两色同在，甚为奇特。');
INSERT INTO `flower` VALUES ('55', '洛阳红', '24.00', '8.80', '15.00', 'images/product/55.jpg', '3', '0', '2021-03-01 15:43:20', '10', '牡丹名贵品种“洛阳红”又名“紫二乔”、“普通红”。花艳紫红色，为丰花品种，一株能开百朵花，璎珞满身。花繁叶茂，被冠以“新花后”的美称。');
INSERT INTO `flower` VALUES ('56', '御衣黄', '24.00', '8.80', '15.00', 'images/product/56.jpg', '3', '1', '2021-03-01 14:25:47', '10', '牡丹名贵品种“御衣黄”又名“御袍黄”。顾名思义，其花如御衣的黄色，高贵典雅。花初开浅黄色，盛开为黄白色。');
INSERT INTO `flower` VALUES ('57', '酒醉杨妃', '24.00', '8.80', '15.00', 'images/product/57.jpg', '3', '1', '2021-03-01 14:26:05', '10', '牡丹名贵品种“酒醉杨妃”开粉紫色花，盛开顶部为粉红色。由于植株枝条柔软，花头下垂，纤纤醉态，故名“酒醉杨妃”。');
INSERT INTO `flower` VALUES ('58', '青龙卧墨池', '24.00', '8.80', '15.00', 'images/product/58.jpg', '3', '1', '2021-03-01 14:26:20', '10', '牡丹名贵品种“青龙卧墨池”，托桂型，有时呈皇冠型。花蕾圆锥形；花墨紫色稍浅(187-D);花径19cm×6cm。 外瓣2轮，宽大，微上卷，基部具墨紫色晕；内瓣卷曲，瓣间有正常雄蕊雌蕊瓣化成绿色彩瓣。花梗较短，微软，花朵侧开。中花品种。株型中高，开展。叶面黄绿色，具紫色晕。雌蕊呈绿色于花心，周围是墨紫色的多层花瓣，似一条青龙盘卧于墨池中央，故称之青龙卧墨池。');
INSERT INTO `flower` VALUES ('59', '白雪塔', '24.00', '8.80', '15.00', 'images/product/59.jpg', '3', '0', '2021-03-01 15:43:19', '10', '牡丹名贵品种“白雪塔”出自于洛阳，一名白玉，原名玉楼春，宋周师厚《洛阳牡丹记》载：“玉楼春，千叶白花也。类玉蒸饼而高，有楼子之状”。花白色，皇冠型。外大瓣，内瓣细而皱折，层叠高起呈球型，瓣基有紫晕。花径16厘米，花高8厘米，花初开绿白色，盛开莹白似雪如玉。');
INSERT INTO `flower` VALUES ('60', '豆绿', '24.00', '8.80', '15.00', 'images/product/60.jpg', '3', '1', '2021-03-01 14:26:44', '10', '牡丹名贵品种“豆绿”。皇冠型或绣球型。花蕾圆形，顶端常开裂；花黄绿色(144-D)；花径12cm×6cm。外瓣2～3轮，质厚而硬，基部具紫色斑，内瓣密集，皱褶；雌蕊瓣化或退化。花梗细软，花朵下垂。晚花品种。株型较矮，开展。枝较细，一年生枝短，节间较短；鳞芽狭尖形，形似鹰嘴，浅褐绿色，鳞片顶尖红色。中型长叶，总叶柄长约12cm，平伸；小叶阔卯形，缺刻较多，端短尖，下垂，叶面绿色稍有紫晕，叶背面密生绒毛。生长势中，成花率高，萌蘖枝多。此花为世间稀有名贵品种。');
INSERT INTO `flower` VALUES ('61', '金茉莉', '24.00', '8.80', '15.00', 'images/product/61.jpg', '4', '1', '2021-03-01 14:32:32', '10', '茉莉有很多不同的品种，而当中比较名贵的品种是金茉莉，它是木犀科素馨属常绿灌木植物，大多分布在大西洋玛德拉群岛，每年大概在夏季开花，开出来的花朵形态和普通品种一样，不过它的花朵会散发出极香的花香，而且耐寒性也比较强。');
INSERT INTO `flower` VALUES ('62', '毛茉莉', '24.00', '8.80', '15.00', 'images/product/62.jpg', '4', '1', '2021-03-01 14:32:47', '10', '毛茉莉也是名贵茉莉品种之一，它原产地在印度，其实也可以叫它毛萼素馨、多花素馨，它的枝条比较短，在春季开出来的花朵是白色的，花朵上也分布在绒毛，还可以起到活血化瘀等功效。');
INSERT INTO `flower` VALUES ('63', '鸳鸯茉莉', '24.00', '8.80', '15.00', 'images/product/63.jpg', '4', '1', '2021-03-01 14:33:01', '10', '鸳鸯茉莉和普通品种的茉莉差不多，不过鸳鸯茉莉是单叶互生的，它的花期时间也比较长，一般在4～5月时开花，开出来的花朵最初是蓝紫色，然后逐渐的淡化，最后变成白色，具有着极高的观赏价值。');
INSERT INTO `flower` VALUES ('64', '虎头茉莉', '24.00', '8.80', '15.00', 'images/product/64.jpg', '4', '0', '2021-03-01 15:43:19', '10', '虎头茉莉在所有的品种里，它对环境的适应能力是极强的，而且它开出来的花朵是重瓣的，主要重要就是观赏，在养殖的过程中，一定要摆放在阳光下养殖，每当花期结束后，还要给其修剪打理。');
INSERT INTO `flower` VALUES ('65', '仙女', '24.00', '8.80', '15.00', 'images/product/65.jpg', '7', '1', '2021-03-01 14:36:49', '10', '夏季亦能栽培，可以周年开花，花色洁白。');
INSERT INTO `flower` VALUES ('66', '完美', '24.00', '8.80', '15.00', 'images/product/66.jpg', '7', '1', '2021-03-01 14:37:03', '10', '不耐低温天气，花朵较大，晶莹洁白，适宜制作胸花和干花。');
INSERT INTO `flower` VALUES ('67', '钻石', '24.00', '8.80', '15.00', 'images/product/67.jpg', '7', '1', '2021-03-01 14:37:17', '10', '植株较矮，粗生易长，秋天开花，花色洁白。');
INSERT INTO `flower` VALUES ('68', '火烈鸟', '24.00', '8.80', '15.00', 'images/product/68.jpg', '7', '1', '2021-03-01 14:37:39', '10', '茎枝细长，春季开花，花色淡红。');
INSERT INTO `flower` VALUES ('69', '红海洋', '24.00', '8.80', '15.00', 'images/product/69.jpg', '7', '1', '2021-03-01 14:48:27', '10', '茎部粗壮，从春到秋都可开花，花色桃红。');
INSERT INTO `flower` VALUES ('70', '红宝石海棠', '24.00', '8.80', '15.00', 'images/product/70.jpg', '13', '0', '2021-03-01 15:43:18', '10', '红宝石海棠的植株高度为0.8～2米，花序呈总状，直径为20～30厘米，花瓣的形状为倒卵形、椭圆形，长度为3～8厘米，宽度为2～4厘米，花色为桃红色，叶片的形状为卵形、狭卵形，长度为3～5厘米，宽度为1～1.5厘米。');
INSERT INTO `flower` VALUES ('71', '夏菊', '24.00', '8.80', '15.00', 'images/product/71.jpg', '5', '1', '2021-03-01 14:51:52', '10', '菊花有着很多不一样的品种，而当中比较常见的菊花品种是夏菊，它的整体形态和普通的菊花差不多，不过它一般在5～9月时开一次花，所以也被人们叫做五九菊，如果养护得当可开两次花。');
INSERT INTO `flower` VALUES ('72', '秋菊', '24.00', '8.80', '15.00', 'images/product/72.jpg', '5', '0', '2021-03-01 15:43:53', '10', '秋菊其实和夏菊都差不多，但它们两者的花期不同，有着早晚之分，通常秋菊的花期大概在10～11月，如果养护得当那么它的花期将更长，具有着极高的观赏价值，适合平时盆栽养护。');
INSERT INTO `flower` VALUES ('73', '寒菊', '24.00', '8.80', '15.00', 'images/product/73.jpg', '5', '1', '2021-03-01 14:52:01', '10', '寒菊也被称为冬菊，它的耐寒性比较强，开出来的花朵颜色繁多，通常情况下在冬季时，如果将温度控制在5～10℃，那么寒菊大概在冬季12月到来年1月时开花，适合新手盆栽养护。');
INSERT INTO `flower` VALUES ('74', '仙灵芝', '24.00', '8.80', '15.00', 'images/product/74.jpg', '5', '1', '2021-03-01 14:52:05', '10', '在菊花品种介绍中，其实仙灵芝也是菊花比较常见的品种之一，它开出来的花朵花瓣形态和其它品种不同，具有着独特的观赏价值，通常仙灵芝菊花在每年的秋季时开花，可用于装饰环境。');
INSERT INTO `flower` VALUES ('75', '点头菊', '24.00', '8.80', '15.00', 'images/product/75.jpg', '5', '0', '2021-03-01 15:43:17', '10', '点头菊在菊花的品种中，是比较常见的品种，而且它的花朵大多都是白、黄两种颜色，花瓣是球形的，通常也是在秋季时开花，平时一定要将它摆放在阳光下养护，不然它将很难开出花朵。');
INSERT INTO `flower` VALUES ('76', '茼蒿菊', '24.00', '8.80', '15.00', 'images/product/76.jpg', '5', '1', '2021-03-01 14:52:10', '10', '茼蒿菊也是十分喜欢阳光的菊花品种，它需要沐浴在充足阳光下才能开出美丽的花朵，它的花朵相当其它品种比较小，但产量比其它品种的多，花朵的颜色也都不一样，可用于美化城市环境。');
INSERT INTO `flower` VALUES ('77', '天鹅舞', '24.00', '8.80', '15.00', 'images/product/77.jpg', '5', '1', '2021-03-01 14:52:13', '10', '天鹅舞的花朵其实和其它菊花品种都差不多，但它的花朵四周花瓣绽放，微风轻轻吹一下，花朵就像一个女子在跳舞般美丽，它的颜色繁多，平时可将其盆栽做观赏进行养护。');
INSERT INTO `flower` VALUES ('78', '胭脂点雪', '24.00', '8.80', '15.00', 'images/product/78.jpg', '5', '0', '2021-03-01 15:43:54', '10', '胭脂点雪的花朵有球形，也有的花瓣是条状的，它的花朵有胭脂、白等多种颜色，胭脂点雪对环境的适应能力比较强，在我国各个地区都有栽植，属于优良的菊花品种，深受人们的喜爱。');
INSERT INTO `flower` VALUES ('79', '朱砂红霜', '24.00', '8.80', '15.00', 'images/product/79.jpg', '5', '1', '2021-03-01 14:52:19', '10', '朱砂红霜的花朵形态独特，开出来的花朵大多都是红色的，鲜艳而又美丽，它的耐阴性相当其它品种来说比较强，但如果在阳光下养护，它的花朵将会生长的更加鲜艳，甚至可能还会延长朱砂红霜的花期。');
INSERT INTO `flower` VALUES ('80', '瑶台玉凤', '24.00', '8.80', '15.00', 'images/product/80.jpg', '5', '0', '2021-03-01 15:43:16', '10', '瑶台玉凤开出来的花朵是白色的，它的花朵是匙莲型，特别的引人注目，通常在平时在半阴半阳处可生长的更好，每年大概在10月时开花，是比较常见的菊花品种。');
INSERT INTO `flower` VALUES ('81', '青毛节', '24.00', '8.80', '15.00', 'images/product/81.jpg', '31', '1', '2021-03-01 14:58:16', '10', '青毛节荷花是一种很常见的荷花品种，它的颜色偏向淡淡的青色，养殖莲藕产量高，花色也是清雅好看，也是十分受欢迎的一个平价荷花品种。它的花瓣是单瓣，多为白色中透着一丝青色，花朵呈现杯形，荷叶呈现深绿色，表面也是十分粗糙的。');
INSERT INTO `flower` VALUES ('82', '小舞妃', '24.00', '8.80', '15.00', 'images/product/82.jpg', '31', '1', '2021-03-01 14:58:27', '10', '小舞妃是荷花的主要品种之一，荷叶呈现圆形，盾牌的样子。花朵十分饱满，鼓囊囊的，花色洁白，但是尖端却晕染有一点点的淡份色。这种荷花是单瓣型的，花朵直径在16～20厘米之间，开花数量很多。多出现在公园和一些庭院里面，供游人观赏。');
INSERT INTO `flower` VALUES ('83', '粉霞', '24.00', '8.80', '15.00', 'images/product/83.jpg', '31', '1', '2021-03-01 14:58:48', '10', '粉霞是荷花品种中碗莲的一个品种，荷叶圆润如盾牌样式，荷叶柄是比较粗壮，断刺也是十分的浓密。花色粉嫩如彩霞一般，多是玫红色，花朵直径有8～13厘米，花瓣是重重叠叠的重瓣，多是人工养殖在较小的碗形容器里面。');
INSERT INTO `flower` VALUES ('84', '红台', '24.00', '8.80', '15.00', 'images/product/84.jpg', '31', '0', '2021-03-01 15:43:15', '10', '红台荷花是荷花中的珍品，它被称为“中山红台”。是一种大型重台荷花品种，看起来花瓣有几十枚到上百枚之多，花瓣中蕴藏着一朵小花。这种花出自孙中山先生的故乡，所以又叫中山莲，中山红台。开花的时候外瓣一层一层谢落，但是内层碎瓣却是不断增生，十分华贵的样子。');
INSERT INTO `flower` VALUES ('85', '龙飞', '24.00', '8.80', '15.00', 'images/product/85.jpg', '31', '1', '2021-03-01 14:59:17', '10', '龙飞是一种观赏形的莲花，经常种在水缸和水盆中。它的叶片碧绿，是一种很饱满的单瓣荷花品种。花朵白的，尖端晕染了大片的粉色在上面，花瓣一共也就26片左右，花朵直径一般在15～17厘米，花托却是漏斗形，莲蓬是杯形的。');
INSERT INTO `flower` VALUES ('86', '玉碗', '24.00', '8.80', '15.00', 'images/product/86.jpg', '31', '0', '2021-03-01 15:43:56', '10', '玉碗荷花的颜色是洁白中带有一些的黄色和绿色，全部盛开之后就像一个碗的形状。摸起来带有一种粗糙的感觉，重瓣荷花，花瓣在24～26枚之间，花朵直径是在6～10厘米，花托杯状，莲蓬是扁圆形，多是人工种植，供人观赏。');
INSERT INTO `flower` VALUES ('87', '仙女散花', '24.00', '8.80', '15.00', 'images/product/87.jpg', '31', '1', '2021-03-01 14:59:45', '10', '仙女散花是很漂亮的一种荷花了，当它全部散开的时候，就像佛陀的莲座一样，呈现飞舞状态。仙女散花是重瓣荷花，粉红色花瓣有27枚左右，花朵直径却有14～18厘米，花托是喇叭形状，莲蓬是倒圆锥的样子。');
INSERT INTO `flower` VALUES ('88', '黄舞飞', '24.00', '8.80', '15.00', 'images/product/88.jpg', '31', '0', '2021-03-01 15:43:15', '10', '黄舞飞看起来就像是一个黄衣仙子一样停在水面上，十分轻盈的仙气十足。这也是种重瓣飞舞状荷花，花瓣只有9枚左右，但是花朵直径却可以有18厘米这么大，是一种很大的荷花品种，多是种植在水缸里面供人观赏。');
INSERT INTO `flower` VALUES ('89', '白雪公主', '24.00', '8.80', '15.00', 'images/product/89.jpg', '31', '1', '2021-03-01 15:00:13', '10', '白雪公主这种荷花的颜色洁白似雪，十分纯洁的样子。也正是因为这动人心弦的纯白色才让它得名白雪公主，白雪公主是重瓣荷花，它的花蕾多是桃型，颜色有绿、有白色，花径在12～15厘米之间，因为很少结果实，所以基本只做观赏作用。');
INSERT INTO `flower` VALUES ('90', '红宝石', '24.00', '8.80', '15.00', 'images/product/90.jpg', '31', '1', '2021-03-01 15:00:28', '10', '红宝石荷花是很浓墨重彩的一种荷花了，它的颜色就像红宝石一样艳丽，是重瓣重台荷花，花瓣十分繁多，5.5厘米左右，花瓣向内翻，花朵形态呈现碗状，是一种观赏性很强的荷花种。');
INSERT INTO `flower` VALUES ('91', '小三色莲', '24.00', '8.80', '15.00', 'images/product/91.jpg', '31', '1', '2021-03-01 15:00:44', '10', '小三色莲是长得很高挑的一种碗莲品种荷花，荷花单独生于花梗的顶端，花瓣颜色呈现渐变色，花瓣尖是红色，中间是粉白色，底部偏向黄色。花朵直径10～12厘米，开花偏早偏密，多出现在办公室，最为观赏植物，美化环境作用。');
INSERT INTO `flower` VALUES ('92', '杏黄', '24.00', '8.80', '15.00', 'images/product/92.jpg', '31', '0', '2021-03-01 15:43:14', '10', '杏花荷花的颜色自然就是淡淡的杏黄色，也有些花儿是偏向黄绿色，花朵是淡黄颜色，底部是深黄。花瓣不是普通的饱满样子，反而十分尖瘦，花朵刚刚开放是杯状，但是花瓣打开之后就变成了蝶状样式，花期也很长，多是种在花园庭院中做观赏用。');
INSERT INTO `flower` VALUES ('93', '玉蝶', '24.00', '8.80', '15.00', 'images/product/93.jpg', '31', '1', '2021-03-01 15:01:12', '10', '玉蝶的颜色是一种十分粉嫩的粉色，花瓣呈现渐变色的样子，从乳白的颜色逐渐加深，直道蔓延出轻柔的粉色。是一种重瓣荷花，花瓣有29枚左右，但是却是向里面包裹着，十分饱满的样子，花朵直径有9～22厘米之间。虽然开花繁密，但是花朵不易打开，多是球状。');
INSERT INTO `flower` VALUES ('94', '八重寒红', '24.00', '8.80', '15.00', 'images/product/94.jpg', '11', '0', '2021-03-01 15:43:13', '10', '比较多见的耐寒的梅花品种就有八重寒红，它是一种宫粉型梅花，它的树冠偏近于圆形，呈干紫褐色，有不规则的纵驳纹，皮空较少，花瓣是紫红色，重瓣，花的气味清香，开花比较繁密。');
INSERT INTO `flower` VALUES ('95', '复瓣跳枝', '24.00', '8.80', '15.00', 'images/product/95.jpg', '11', '1', '2021-03-01 15:08:21', '10', '复瓣跳枝是洒金型梅花，它的树冠偏于椭圆形，干紫褐色，也有不规则纵驳纹，皮孔少，花瓣呈白色，偶尔也有粉红色花瓣，或者是单只粉红色花瓣，重瓣，花的气味清香，三月中下旬，开花最为繁密。');
INSERT INTO `flower` VALUES ('96', '美人梅', '24.00', '8.80', '15.00', 'images/product/96.jpg', '11', '1', '2021-03-01 15:08:24', '10', '美人梅是美人型梅花，它的树冠略微偏于扁圆形，新叶呈紫色，老叶呈绿紫色，花瓣的颜色为粉色，重瓣，开花较为繁密，耐寒性较强，喜爱阳光，不爱积水');
INSERT INTO `flower` VALUES ('97', '红梅', '24.00', '8.80', '15.00', 'images/product/97.jpg', '11', '0', '2021-03-01 15:43:12', '10', '红梅对气候的变化十分敏感，有一定的耐寒能力，而且红梅喜欢湿度较大的环境中生长，对土壤的要求不是很严，在花开的时候，有一种玉洁冰清之美，也是中国古文诗词中用以比喻的对象。');
INSERT INTO `flower` VALUES ('98', '玉蝶梅', '24.00', '8.80', '15.00', 'images/product/98.jpg', '11', '1', '2021-03-01 15:08:29', '10', '玉蝶梅的花色主要为白色，在出现花蕾的时候，会带一点浅红色，而且花朵的脉络不清晰，表面有凸起部分，侧面比较透明，是一种著名的观赏植物花卉，而且还具有很高的药用性。');
INSERT INTO `flower` VALUES ('99', '月影', '24.00', '8.80', '15.00', 'images/product/99.jpg', '11', '0', '2021-03-01 15:43:11', '10', '月影它的枝干主要呈紫褐色，有不规则的纹理，而且表皮粗糙，带有细小的毛刺，它的花色主要是白色，有单瓣也有复瓣，一般在冬季开花最美，到了春季的3月份花朵才会凋落。');
INSERT INTO `flower` VALUES ('100', '宫粉梅', '24.00', '8.80', '15.00', 'images/product/100.jpg', '11', '1', '2021-03-01 15:10:24', '10', '宫粉梅的花瓣有单瓣，也有复瓣，在盛开的时候花色为红色，而且宫粉梅是梅花品种中栽培较多的品种，宫粉梅还会散发出浓郁的清香，给人一种意犹未尽的感觉。');
INSERT INTO `flower` VALUES ('101', '五色碧桃', '24.00', '8.80', '15.00', 'images/product/101.jpg', '12', '0', '2021-03-01 15:43:10', '10', '五色碧桃是生活中常见的种类，花色为白色并有红色的渲染，观赏能力高，有时会出现一白一粉的场景，花枝呈现红褐色，并且花瓣为长圆形，经常作为观赏植物种植，花谢果实还可以食用。');
INSERT INTO `flower` VALUES ('102', '千瓣桃红', '24.00', '8.80', '15.00', 'images/product/102.jpg', '12', '1', '2021-03-01 15:12:23', '10', '千瓣桃红品种花色为粉红，营造梦幻的场景，观赏能力也是比较高的，经常被种植在庭院之中，可以有美化环境的作用，同时千瓣桃红也可以吸收空气中的有毒物质，从而起到良好的净化空气的效果。');
INSERT INTO `flower` VALUES ('103', '大花白碧桃', '24.00', '8.80', '15.00', 'images/product/103.jpg', '12', '1', '2021-03-01 15:12:37', '10', '大花白碧桃花开为白色，也是桃花品种介绍之一，花瓣呈现椭圆形，并且有细毛生成是，花枝则是绿色，也是生活中比较常见的品种，其植株的抗性比较高，适应能力强。');
INSERT INTO `flower` VALUES ('104', '小花白碧桃', '24.00', '8.80', '15.00', 'images/product/104.jpg', '12', '0', '2021-03-01 15:44:01', '10', '小花白碧桃的生长小花，并且花萼比较少，花枝通常呈现褐色，并且有绿色的斑点状，主要是为结果种植，其观赏能力一般，但是此品种的抗性是比较强的，养殖过程中很容易栽培。');
INSERT INTO `flower` VALUES ('105', '月宫烛光', '24.00', '8.80', '15.00', 'images/product/105.jpg', '15', '0', '2021-03-01 15:44:00', '10', '月宫烛光：菏泽古今园于2000年育出。株形高；直立形。当年生枝细而硬，长枝。小型长叶，质硬而稀疏；小叶长卵形，缺刻少，端渐尖，叶面平展，浅绿色。荷花型或菊花型。花粉白色，中型花。花瓣质硬而平展；雄蕊正常；雌蕊稍小，房衣粉白色。花梗微有紫晕，花朵直上或侧开。生长势强，成花率高。');
INSERT INTO `flower` VALUES ('106', '星星之火', '24.00', '8.80', '15.00', 'images/product/106.jpg', '15', '0', '2021-03-01 15:43:09', '10', '星星之火：菏泽于1995年育出。花复色，托桂型，外瓣两轮、形大平展、浅紫红色，内瓣细小、呈针状、深紫红色、端部残留花药较多，故名，成花率高，花期中；株型中高，茎硬直，叶片小、绿色，生长势中。是布置庭院、街道及花境、花带、花台的优良品种。');
INSERT INTO `flower` VALUES ('107', '春柳', '24.00', '8.80', '15.00', 'images/product/107.jpg', '15', '1', '2021-03-01 15:22:42', '10', '春柳：菏泽李集牡丹园于1988年育出。株形矮，半开展形。当年生枝稍粗而软，短枝。中型长叶，质软而厚，小叶长卵形，缺刻少，端渐尖，稍上卷，深绿色。生长势中，成花率高。绣球型。花蕾圆形或绽口，中型花。外瓣2轮，质硬而平展，基部具粉色晕，内瓣与外瓣大小近似，质硬而褶叠，稍稀疏；雄蕊全部瓣化，雌蕊瓣化或变小。花梗稍软，花朵侧开。适宜容器、促成、抑制和庭院栽培。');
INSERT INTO `flower` VALUES ('108', '紫凤羽', '24.00', '8.80', '15.00', 'images/product/108.jpg', '15', '1', '2021-03-01 15:22:44', '10', '紫凤羽：菏泽赵楼牡丹园于1967年育出，花紫色，托桂型，外瓣两轮、质硬形大，内瓣针状、较稀疏，成花率高，花期早；株型特高，茎粗硬，叶大、深绿，生长势强。是庭院及街道绿化的优良品种，可布置花坛、花境等。');
INSERT INTO `flower` VALUES ('109', '卷叶红', '24.00', '8.80', '15.00', 'images/product/109.jpg', '15', '1', '2021-03-01 15:22:47', '10', '卷叶红：菏泽赵楼牡丹园于1973年育成。株丛高，半开展。枝粗壮，节间长。叶大型，斜伸。小叶深裂成全裂，裂片缺刻少，边缘波曲上卷，端部下垂，端突尖处下钩。叶面粗糙，微有紫晕。花深红色，千层台阁型。下方花花瓣自外向内渐小，质地细软，有光泽，基部有小块紫斑，雄蕊有瓣化，雌蕊则瓣化成绿色彩瓣。上方花花瓣稀少，雌雄蕊退化。中花品种。生长旺盛，着花多，抗逆性较强。本品种小叶卷曲，故名‘卷叶红’。是庭院栽植和街道美化的优良品种。');
INSERT INTO `flower` VALUES ('110', '胡红', '24.00', '8.80', '15.00', 'images/product/110.jpg', '15', '1', '2021-03-01 15:22:52', '10', '胡红：传统品种，又称‘大胡红’，亦名‘宝楼台’。株丛低矮，半开展，枝粗节短，叶大型，茂密，小叶圆，质厚，缺刻少而浅，叶面深绿色，多紫红色晕。花浅红色，皇冠型，有时呈荷花型或托桂型。《新增桑篱园牡丹谱》云：“胡红花千层，楼子，外瓣大，内细瓣，形似馒头，水红色；开盛内有绿瓣，叶平团而厚；宜阳。一名‘宝楼台’”。晚花品种。本品种生长强健，着花多，花形丰满端正，花瓣层叠，色泽鲜红艳丽，是传统品种中的上品，也是良好的催花及盆栽品种。');
INSERT INTO `flower` VALUES ('111', '奇花露霜', '24.00', '8.80', '15.00', 'images/product/111.jpg', '15', '0', '2021-03-01 15:43:08', '10', '奇花露霜：菏泽赵楼牡丹园于1970年育成。花复色，托桂型，外瓣紫红色，内瓣粉色、瓣间点缀有紫色花瓣，形态奇特别致，成花率高，花期早；株型高，茎偏软，叶浅绿、大长，生长势强。可用于鲜切花栽培、庭院街道美化。');
INSERT INTO `flower` VALUES ('112', '莲台', '24.00', '8.80', '15.00', 'images/product/112.jpg', '15', '1', '2021-03-01 15:23:00', '10', '莲台：传统品种。株丛中高、圆整。茎粗壮，分枝多。花复色，托桂型偶有皇冠型。外瓣阔卵形，圆整平展，偶有齿裂或深裂，淡紫红色；内瓣圆，匙状或条形，基部狭长如管，椭圆形或长椭圆形，瓣端渐尖。花初开时橙黄色，盛开后转淡黄色。花梗较短，花朵稍高于叶面，侧蕾多且易成花。花期长。中花品种，偏早。生长旺盛、强健，花繁叶茂，病虫害少，抗逆性强，适用于庭院、街道美化及布置花境、花台等。因花形端庄，内瓣排列整齐，形似莲台，故名。是老品种中的佳品。');
INSERT INTO `flower` VALUES ('113', '晴雯', '24.00', '8.80', '15.00', 'images/product/113.jpg', '15', '0', '2021-03-01 15:44:03', '10', '晴雯：菏泽赵楼牡丹园于1972年育成。株丛高大，茎粗壮。花粉色，千层台阁型。花头丰满圆整，形大而重。晚花品种。生长健壮，着花多，适应性强。因花期长，花色明净，粉润细腻，瓣质极柔和、娇嫩，深受人们喜爱，以\"晴雯”名之。可群植、孤植，也可用于庭院美化。');
INSERT INTO `flower` VALUES ('114', '卷丹百合', '24.00', '8.80', '15.00', 'images/product/114.jpg', '16', '1', '2021-03-01 15:29:09', '10', '卷丹百合也叫卷单、天盖百合、倒垂莲、虎皮百合、黄百合、珍珠花。因为它的花瓣上有紫黑色的斑纹，很像虎背上的花纹，因此它又被成为“虎皮百合”。卷丹百合植株比较高大，可称为百合之冠。卷丹百合的球茎肥大，可以食用也可以药用，其花色为橙色或者砖黄色，花瓣较长，向外翻卷，花瓣上分布有紫黑色的斑点。');
INSERT INTO `flower` VALUES ('115', '山丹百合', '24.00', '8.80', '15.00', 'images/product/115.jpg', '16', '1', '2021-03-01 15:29:12', '10', '山丹百合，又名山丹丹、山丹花、线叶百合、珊瑚百合、细叶百合，因为它的叶子比较细而且繁多，花冠似珊瑚。花期时，花朵下垂，花瓣向外翻卷，颜色鲜红，光泽靓丽。叶片比较分散，大多数集中在茎的中部，呈条形，叶的边缘有乳头状的凸起。花被强烈反卷，呈鲜红色，没有斑点，花丝为红色。美丽百合的花期为七八月份，果实成熟期为九十月份。');
INSERT INTO `flower` VALUES ('116', '美丽百合', '24.00', '8.80', '15.00', 'images/product/116.jpg', '16', '0', '2021-03-01 15:43:07', '10', '美丽百合又名鹿子百合、艳红百合。美丽百合的叶片宽而疏，对生，因此美丽百合又被名为大叶百合。其花朵花瓣向外翻卷，花色为白色或淡红色，花瓣上分布有玫瑰色花纹和斑点，很像小鹿身上的花纹，因此又被名为鹿子百合。');
INSERT INTO `flower` VALUES ('117', '麝香百合', '24.00', '8.80', '15.00', 'images/product/117.jpg', '16', '1', '2021-03-01 15:30:37', '10', '麝香百合，又名复活节百合、铁炮百合，属于花卉百合的代表品种，花朵纯白无暇，横向开放。');
INSERT INTO `flower` VALUES ('118', '湖北百合', '24.00', '8.80', '15.00', 'images/product/118.jpg', '16', '0', '2021-03-01 15:44:05', '10', '在百合花中有生长在湖北境内的湖北百合花，这个品种的百合花花朵颜色多为橙红色，看上去十分的鲜艳夺目，并且其花瓣反卷，有着很高的观赏价值。平常养护时为其提供16～24℃适宜温度，即可使其正常开花。');
INSERT INTO `flower` VALUES ('119', '西伯利亚百合', '24.00', '8.80', '15.00', 'images/product/119.jpg', '16', '1', '2021-03-01 15:36:03', '10', '西伯利亚百合是百合品种中常见的一种品质最好的百合花，其花朵直径可达到20cm，也是开花最大的百合花。西伯利亚百合花的花朵颜色为白色，其颜色纯正洁白无瑕，受到很多人喜爱，也十分的具有辨识度。');
INSERT INTO `flower` VALUES ('120', '香水百合', '24.00', '8.80', '15.00', 'images/product/120.jpg', '16', '1', '2021-03-01 15:36:08', '10', '常见的百合花中还有香水百合，它也是一种十分受欢迎的花，其实它还有着卡萨布兰卡的别名，是百合花中当之无愧的女王。香水百合的花色也多为白色，带有着浓郁的香气，其花瓣光滑，并且上面没有一般百合花带有的斑点。');
INSERT INTO `flower` VALUES ('121', '状元红', '24.00', '8.80', '15.00', 'images/product/121.jpg', '18', '0', '2021-03-01 15:44:04', '10', '状元红曾在2001年被专家在所有桂花中评为优质品种，是植物研究中具有科学代表已经影响力最深的一个品种，有很高的欣赏以及科学价值，开花时，花朵颜色较深，呈深橙红色，是桂花品种中实至名归的第一。');
INSERT INTO `flower` VALUES ('122', '球桂', '24.00', '8.80', '15.00', 'images/product/122.jpg', '18', '0', '2021-03-01 15:43:07', '10', '球桂是桂花中的上级品种，每当开花时，站离很远之外，就能闻到，花香扑鼻，花瓣紧簇在一起，艳丽群芳，观赏价值极高，每当花开时，花朵呈金黄色，而花期一般是在每年的9月15号左右，可以邀约家人一起赏桂。');
INSERT INTO `flower` VALUES ('123', '金球桂', '24.00', '8.80', '15.00', 'images/product/123.jpg', '18', '1', '2021-03-01 15:40:54', '10', '除了上述几种，那么桂花品种哪种最好，金球桂的花香算是所有桂花中的佳品，花开时，像一串串的铃铛挂在树上，非常吸引人的注意，无论是它的颜色、香气、还是数量，都是桂花中的佳品，一般在排水性比较好的地方生长，花朵数量越多。');
INSERT INTO `flower` VALUES ('124', '柳叶苏桂', '24.00', '8.80', '15.00', 'images/product/124.jpg', '18', '1', '2021-03-01 15:41:12', '10', '柳叶苏桂的品种也是不错的，一般生长在酸性土壤中，每年花的产量非常的高，其生命力顽强，充足的光照时间可以使它生长的更加旺盛，花香更加浓厚，颜色多为白色少数为黄色，算是比较稀有的一种品种。');
INSERT INTO `flower` VALUES ('125', '佛顶珠', '24.00', '8.80', '15.00', 'images/product/125.jpg', '18', '0', '2021-03-01 15:44:07', '10', '佛顶珠是四季桂中的一种品种，在含苞时，像极了一个个的珍珠挂在树上，由于这个缘故被人起名为佛顶珠，它的香气没有其他桂花的香气浓重，只有当它的花全部盛开，才会闻到淡淡的幽香，另外不同于其他桂花的是它可以盆栽养殖。');
INSERT INTO `flower` VALUES ('126', '日香桂', '24.00', '8.80', '15.00', 'images/product/126.jpg', '18', '1', '2021-03-01 15:41:43', '10', '日香桂习性非常的特殊，它一年四季都可以开花，而且香气怡人，常常被用来作为观赏植物，它的耐寒能力非常的强，喜欢偏酸性的土壤，由于气候的选择，所以在广西以及海南地区种植的比较多。');
INSERT INTO `flower` VALUES ('127', '天香台阁', '24.00', '8.80', '15.00', 'images/product/127.jpg', '18', '1', '2021-03-01 15:42:00', '10', '天香台阁的气味是所有桂花中气味最浓郁的，每当开花时芳香扑鼻，它是在70年代初培育的新型四季桂品种，只要生长环境适宜，可以全年开花，是比较稀有的一种四季桂品种了。');
INSERT INTO `flower` VALUES ('128', '满条红', '24.00', '8.80', '15.00', 'images/product/128.jpg', '18', '1', '2021-03-01 15:42:19', '10', '当满条红开花时，花瓣呈橘红颜色，花朵小而秀丽，非常的引人注目，而且芳香浓郁，却又很温和，每当有人经过，都会停留驻足，欣赏它的美，常常被当做园林观赏植物，深受大家的喜爱。');
INSERT INTO `flower` VALUES ('129', '玉玲珑', '24.00', '8.80', '15.00', 'images/product/129.jpg', '18', '0', '2021-03-01 15:43:05', '10', '玉玲珑属于银桂中最为古老的品种，年代悠久，每当开花时，花量也是非常的多，站在一米开外的地方，都能闻到它的花香，而且花香小巧秀丽，如玉一般玲珑剔透，故起名为玉玲珑，在桂花中也具有代表性。');
INSERT INTO `flower` VALUES ('130', '九龙桂', '24.00', '8.80', '15.00', 'images/product/130.jpg', '18', '1', '2021-03-01 15:42:53', '10', '九龙桂也属于银桂中的一种品种，原产于四川，相传在古代很受皇家贵族的喜爱，所以起名为九龙桂，现在各地都有种植，观赏价值非常的高，微弱的淡香气味，也深受大家的喜爱。');
INSERT INTO `flower` VALUES ('131', '东鹃', '24.00', '8.80', '15.00', 'images/product/131.jpg', '22', '1', '2021-03-01 15:50:17', '10', '东鹃每一个花蕾能开1～3朵花，有时也能开4～5朵花，它的花朵开得很茂密，它的花朵有红、紫、白、粉、嫩黄等多种颜色。东鹃具有一定的耐寒能力，冬季能露地种植，因此常被作为盆栽种植，具有一定的观赏价值。');
INSERT INTO `flower` VALUES ('132', '夏鹃', '24.00', '8.80', '15.00', 'images/product/132.jpg', '22', '1', '2021-03-01 15:50:19', '10', '夏鹃会在每年春季长枝条和叶子，到了5～6月便会开花，它的花朵有黄、红、白、紫等颜色，它的花期很长，通常到了8月花朵才会凋谢。夏鹃属于开张性常绿灌木，是皋月杜鹃和五月杜鹃的杂交品种，它的叶子很厚实。');
INSERT INTO `flower` VALUES ('133', '中国水仙', '24.00', '8.80', '15.00', 'images/product/133.jpg', '24', '1', '2021-03-01 16:26:01', '10', '水仙花的品种繁多，最常见的就是中国水仙，被称为中国十大名花之一，每年在春季时开花，花朵是伞状，花瓣为6片是白色的，末处呈鹅黄色，具有很高的观赏价值，因为它的汁液有毒，所以养殖时一定要注意，不过水仙花可以起到药用价值。');
INSERT INTO `flower` VALUES ('134', '法国水仙', '24.00', '8.80', '15.00', 'images/product/134.jpg', '24', '1', '2021-03-01 16:27:51', '10', '法国水仙和中国水仙差不多，它的叶片细长，叶片是粉绿色的，花瓣是6裂片卵圆形至阔椭圆形的，花朵是白色的，花蕊是淡黄色的，而且还可以散发出迷人的芳香，花友们都喜欢盆栽它，用它装饰环境、净化空气。');
INSERT INTO `flower` VALUES ('135', '丁香水仙', '24.00', '8.80', '15.00', 'images/product/135.jpg', '24', '1', '2021-03-01 16:27:53', '10', '丁香水仙也可以叫做长寿花，它的叶片是狭线形的，呈现出深绿色，花瓣为2～6朵黄色的，每年的3～4月开花，由于它开出来的花朵鲜艳而又美丽，所以很多花友都喜欢养殖丁香水仙，但是丁香水仙对生长环境特别高，所以平时养殖时需要注意。');
INSERT INTO `flower` VALUES ('136', '明星水仙', '24.00', '8.80', '15.00', 'images/product/136.jpg', '24', '1', '2021-03-01 16:27:56', '10', '明星水仙属于百合目石蒜科植物，叶片是狭长带状，每年在4月开花，开出来的花朵鲜艳而又美丽，它的花茎为1～2枝，花朵的形态是伞状花的，花瓣为6片是鹅黄色的，很多会出现白色的明星水仙，深受花友们的喜爱。');
INSERT INTO `flower` VALUES ('137', '喇叭水仙', '24.00', '8.80', '15.00', 'images/product/137.jpg', '24', '1', '2021-03-01 16:27:58', '10', '水仙花的品种繁多，很多花友都不知道水仙花有哪些种类，水仙花的品种中有喇叭水仙，它也可以叫做洋水仙、漏斗水仙，喇叭水仙每年在2～3月开花，开出来的花朵就像喇叭状，有白，黄等多种颜色，很多花友都愿意养殖它。');
INSERT INTO `flower` VALUES ('138', '红口水仙', '24.00', '8.80', '15.00', 'images/product/138.jpg', '24', '1', '2021-03-01 16:28:00', '10', '红口水仙也可以叫做红水仙、红口等名字，每年在4月时开花，它的花瓣为6片，白色中会呈现出来鹅黄色，花蕊呈浅杯状，边缘是橙红色皱边，形态特别，所以很多花友都很喜欢红口水仙，将它养殖在花坛、草坪等地方装饰环境。');
INSERT INTO `flower` VALUES ('139', '三蕊水仙', '24.00', '8.80', '15.00', 'images/product/139.jpg', '24', '1', '2021-03-01 16:28:04', '10', '三蕊水仙也属于水仙花当中的一种，它的叶片是线形或圆筒形，有六片大花瓣白色的，有三枚雄蕊，花蕊是实心圆筒状或漏斗状，就像一个小风车，具有很高的观赏价值，而且还可以入药，十分适合盆栽，不仅起到装饰效果，还能净化空气等作用。');
INSERT INTO `flower` VALUES ('140', '仙客来水仙', '24.00', '8.80', '15.00', 'images/product/140.jpg', '24', '1', '2021-03-01 16:28:08', '10', '仙客来水仙的叶片是狭线形，它整体矮小，不过生命力极强，它开出来的花朵形态特殊，花瓣向后反卷，花冠筒极短，边缘带有不规则的锯齿，花蕊比较长，开出来的花朵整体都是黄色，有着很高的观赏价值。');
INSERT INTO `flower` VALUES ('141', '贝拉大玫瑰', '24.00', '8.80', '15.00', 'images/product/141.jpg', '27', '1', '2021-03-01 16:35:17', '10', '贝拉大玫瑰是美国最新培育出来的新品种，花型巨大，花色由红黑交加，清晰的叶脉上泛着油光，花期一般在年底的12月份至明年的3月底。');
INSERT INTO `flower` VALUES ('142', '大菲丽丝', '24.00', '8.80', '15.00', 'images/product/142.jpg', '27', '1', '2021-03-01 16:35:19', '10', '大菲丽丝也是美国山茶花的品种之一，花直在13厘米左右，花蕾偶尔是淡黄色，一般是大红色，花瓣向里呈聚状，边缘有不规则的小白线，花期一般在每年的2月份至4月份上旬。');
INSERT INTO `flower` VALUES ('143', '杜鹃红山茶', '24.00', '8.80', '15.00', 'images/product/143.jpg', '27', '1', '2021-03-01 16:35:22', '10', '这种花因为花型像山茶，叶片却像杜鹃，所以取名为杜鹃红山茶，别称\"假大头茶\"，具有非常高的观赏价值，因其数量稀少，被誉为植物界的大熊猫，是我国一级保护的植物。');
INSERT INTO `flower` VALUES ('144', '六角大红', '24.00', '8.80', '15.00', 'images/product/144.jpg', '27', '1', '2021-03-01 16:36:25', '10', '六角大红的花型非常大气，色彩鲜艳，花瓣数量有100朵瓣，直径大约有13厘米长，呈六角形，叶片墨绿带有齿状，花期每年在12月份至翌年的2月份左右，常见于浙江松阳市。');
INSERT INTO `flower` VALUES ('145', '细叶昙花', '24.00', '8.80', '15.00', 'images/product/145.jpg', '29', '1', '2021-03-01 16:41:11', '10', '细叶昙花是昙花的一种，不太常见。细叶昙花开花时，花朵娇小，但是花量惊人，叶片无刺，叶子细长。\r\n\r\n据说，细叶昙花是小而优雅芬芳的一个品种。');
INSERT INTO `flower` VALUES ('146', '孔雀昙花', '24.00', '8.80', '15.00', 'images/product/146.jpg', '29', '1', '2021-03-01 16:41:14', '10', '孔雀昙花平时叫待宵孔雀的比较多，开花时花比较像白菊。\r\n\r\n孔雀昙花的叶片退化，仅存二棱扁平、肉质较厚的叶状茎。叶状茎两边对称生粗锯状齿，似龙骨，所以又称龙骨昙花。刺座生于锯齿状缺刻处，可以长出翠绿光亮的嫩茎。嫩茎上有少量细刺，老茎则刺脱落，留有刺痕。\r\n\r\n孔雀昙花开花时 ，花瓣细长，美不胜收。');
INSERT INTO `flower` VALUES ('147', '巨翼昙花', '24.00', '8.80', '15.00', 'images/product/147.jpg', '29', '1', '2021-03-01 16:41:17', '10', '巨翼昙花开花有些像大花蛇鞭柱，花很大，也是夜开，花展很惊人。不过似乎不太好看，感觉笨笨的，有人这是一种家养的仙人掌。');
INSERT INTO `flower` VALUES ('148', '锯齿昙花', '24.00', '8.80', '15.00', 'images/product/148.jpg', '29', '1', '2021-03-01 16:41:19', '10', '锯齿昙花据说俗称鱼刺仙人掌，鱼骨昙花。它的外形很奇特，奇的不在于花，而在于锯齿状的茎，像是鱼骨的形状。\r\n\r\n锯齿昙花的锯齿比较圆润，花白色，外层浅黄，花色和花形都相近与昙花。');
INSERT INTO `flower` VALUES ('149', '卷叶昙花', '24.00', '8.80', '15.00', 'images/product/149.jpg', '29', '1', '2021-03-01 16:41:23', '10', '其实这种植物的茎的形态很特殊，所以有人把它称作卷叶昙花，也称作牡蛎昙花，这种昙花主要是看叶子，叶子翻卷，弯弯扭扭，有点像水里的海藻，样子奇特。不过，卷叶昙花的花不好看，很小很不起眼。并且，卷叶昙花会结果，果实有点像迷你的火龙果。');
INSERT INTO `flower` VALUES ('150', '山樱', '24.00', '8.80', '15.00', 'images/product/150.jpg', '32', '1', '2021-03-01 16:51:21', '10', '又名青肤樱。干皮粟褐色，叶多为椭圆状披针形，花单瓣或重瓣，白或粉红，果卵状球形，熟时黑色，为中国原产种，华北山地多见野生。');
INSERT INTO `flower` VALUES ('151', '东京樱花', '24.00', '8.80', '15.00', 'images/product/151.jpg', '32', '1', '2021-03-01 17:04:26', '10', '东京樱花，花色有白色或粉色，它原产于日本，在我国北方城市也广泛种植于庭园。花期在4月份。\r\n\r\n东京樱花的外形：花序是伞打开的形状，花朵4片生长，花的直径有3厘米多，苞片是褐色的，椭圆状的。花萼是三角形，边缘有腺齿。日本樱花的花瓣是白色的还有粉色的，呈椭圆状。\r\n\r\n东京樱花的价值是早春观赏花卉，花期短，但是花开繁茂艳丽，在庭院里，道路两旁等栽种，美化环境。');
INSERT INTO `flower` VALUES ('152', '大山樱', '24.00', '8.80', '15.00', 'images/product/152.jpg', '32', '1', '2021-03-01 17:04:44', '10', '大山樱，原产于日本的北海道，比较喜好寒冷的环境，花期在4月到5月之间。\r\n\r\n大山樱的外形：大山樱的花朵有4片花瓣，苞片是叶子的形状，紫色的带有长毛。花萼钟状，萼片是卵状的，花瓣倒卵形，花色是蔷薇色。\r\n\r\n其价值是用于外交礼品。');
INSERT INTO `flower` VALUES ('153', '白睡莲', '24.00', '8.80', '15.00', 'images/product/153.jpg', '32', '1', '2021-03-01 17:10:52', '10', '原产埃及尼罗河，花径20~25cm，大花型，挺水开放。花色白，花瓣20~25枚，长卵形，端部圆钝。萼片绿色，脉纹明显。花梗、叶梗绿色有柔毛。叶径42~40 cm，叶面绿色，叶背微红，叶缘波状有锯齿。雄蕊淡黄色，70~100个。');
INSERT INTO `flower` VALUES ('154', '印度蓝睡莲', '24.00', '8.80', '15.00', 'images/product/154.jpg', '32', '1', '2021-03-01 17:14:34', '10', '又称星形睡莲或延药睡莲，原产印度及东南亚，国内分布于云南南部、海南岛。花径15~18 cm，大花型，挺水开放，花开呈星状，有香气。花瓣15~18枚，顶端尖锐，深蓝色，中下部淡蓝色，萼片背面有墨紫色斑点。花梗、叶梗绿色。叶径34~32 cm，叶面绿色有紫斑，叶背有深紫色斑点，叶缘全缘。雄蕊70~100个，花丝扁平，端部淡蓝色，结实能力极强。');
INSERT INTO `flower` VALUES ('155', '黄睡莲', '24.00', '8.80', '15.00', 'images/product/155.jpg', '32', '1', '2021-03-01 17:11:25', '10', '原产北美洲南部墨西哥、美国佛罗里达州。花径10~14 cm，中花型，花开浮水或稍出水面。花色鲜黄，花瓣24~30枚，卵状椭圆形。幼叶叶面密集紫斑，成叶绿色，叶背密集深紫色斑点，叶缘全缘，叶基浅裂。雄蕊鲜黄色，60~90个。');
INSERT INTO `flower` VALUES ('156', '红睡莲', '24.00', '8.80', '15.00', 'images/product/156.jpg', '32', '1', '2021-03-01 17:11:57', '10', '原产印度、孟加拉一带，花径20 cm左右，大花型，挺水开放。花色桃红，花瓣20~25枚，长卵形，萼片紫红色，脉纹明显。花梗、叶梗暗紫色。叶径42~40 cm，幼叶叶面紫红，成叶绿色，叶背有柔毛，叶缘波状，有锯齿，叶基深裂。雄蕊黄色，70~100个，人工授粉可结实。');
INSERT INTO `flower` VALUES ('157', '红石榴', '24.00', '8.80', '15.00', 'images/product/157.jpg', '21', '1', '2021-03-01 17:19:02', '10', '又叫大果石榴，花红色，单瓣。重瓣的花比较大的是千瓣红石榴，又称为千层红石榴。');
INSERT INTO `flower` VALUES ('158', '玛瑙石榴', '24.00', '8.80', '15.00', 'images/product/158.jpg', '21', '1', '2021-03-01 17:20:01', '10', '花比较大，有红色条纹或者白色条纹或者红白色条纹，重瓣，又叫做千瓣彩石榴、玻璃石榴。');
INSERT INTO `flower` VALUES ('159', '白石榴', '24.00', '8.80', '15.00', 'images/product/159.jpg', '21', '1', '2021-03-01 17:20:02', '10', '白石榴又叫做银榴，花为白色，果实黄白色，5--6月开花，花期较迟。花单瓣，重瓣的是千瓣白石榴。');
INSERT INTO `flower` VALUES ('160', '月季石榴', '24.00', '8.80', '15.00', 'images/product/160.jpg', '21', '1', '2021-03-01 17:21:35', '10', '月季石榴花开为红色，株型比较矮小，通常只能生长到1米之高，并且它的枝条细软，呈现密集生长，它的花期很长久，可开数月，结果时果实的颜色为粉红色，所以被称为四季石榴。');

-- ----------------------------
-- Table structure for msg
-- ----------------------------
DROP TABLE IF EXISTS `msg`;
CREATE TABLE `msg` (
  `mid` int(11) NOT NULL auto_increment,
  `content` varchar(1000) default NULL,
  `publishtime` date default NULL,
  `modifytime` timestamp NULL default NULL on update CURRENT_TIMESTAMP,
  `uid` int(11) default NULL,
  `fid` int(11) default NULL,
  PRIMARY KEY  (`mid`),
  KEY `FK_reply_uid` (`uid`),
  KEY `FK_reply_topicid` (`fid`),
  CONSTRAINT `FK_user_uid` FOREIGN KEY (`uid`) REFERENCES `user` (`uid`)
) ENGINE=InnoDB DEFAULT CHARSET=utf8;

-- ----------------------------
-- Records of msg
-- ----------------------------
INSERT INTO `msg` VALUES ('1', '222233333', '2018-06-25', '2018-06-25 15:57:40', '1', '1');
INSERT INTO `msg` VALUES ('2', '我的饿作为123', '2018-06-25', '2020-12-24 19:54:31', '1', '1');

-- ----------------------------
-- Table structure for order
-- ----------------------------
DROP TABLE IF EXISTS `order`;
CREATE TABLE `order` (
  `oid` int(11) NOT NULL auto_increment,
  `uid` int(11) default NULL COMMENT '下单的用户id',
  `name` varchar(255) default NULL COMMENT '下单用户名',
  `total` varchar(255) default NULL COMMENT '订单总金额',
  `otime` datetime default NULL COMMENT '下单时间',
  `state` int(11) default NULL COMMENT '订单状态',
  `addr` varchar(255) default NULL COMMENT '收货地址',
  `phone` varchar(255) default NULL COMMENT '电话',
  PRIMARY KEY  (`oid`),
  KEY `uid` (`uid`),
  CONSTRAINT `order_ibfk_1` FOREIGN KEY (`uid`) REFERENCES `user` (`uid`)
) ENGINE=InnoDB DEFAULT CHARSET=utf8;

-- ----------------------------
-- Records of order
-- ----------------------------

-- ----------------------------
-- Table structure for orderitem
-- ----------------------------
DROP TABLE IF EXISTS `orderitem`;
CREATE TABLE `orderitem` (
  `iid` int(11) NOT NULL auto_increment,
  `count` int(11) default NULL COMMENT '下单数量',
  `subtotal` double(255,0) default NULL COMMENT '单价',
  `fid` int(11) default NULL COMMENT '鲜花id',
  `oid` int(11) default NULL,
  PRIMARY KEY  (`iid`),
  KEY `fid` (`fid`),
  KEY `oid` (`oid`),
  CONSTRAINT `orderitem_ibfk_1` FOREIGN KEY (`fid`) REFERENCES `flower` (`fid`),
  CONSTRAINT `orderitem_ibfk_2` FOREIGN KEY (`oid`) REFERENCES `order` (`oid`)
) ENGINE=InnoDB DEFAULT CHARSET=utf8;

-- ----------------------------
-- Records of orderitem
-- ----------------------------

-- ----------------------------
-- Table structure for user
-- ----------------------------
DROP TABLE IF EXISTS `user`;
CREATE TABLE `user` (
  `uid` int(11) NOT NULL auto_increment COMMENT '用户id(自增)',
  `name` varchar(255) NOT NULL COMMENT '用户名',
  `pwd` varchar(255) default NULL COMMENT '密码',
  `sex` varchar(255) default NULL,
  `code` varchar(20) default NULL COMMENT '验证码',
  `phone` varchar(50) default NULL COMMENT '电话号码',
  `addr` varchar(255) default NULL COMMENT '地址',
  `email` varchar(255) default NULL COMMENT '邮箱',
  `utime` date default NULL COMMENT '注册时间',
  PRIMARY KEY  (`uid`)
) ENGINE=InnoDB DEFAULT CHARSET=utf8;

-- ----------------------------
-- Records of user
-- ----------------------------
INSERT INTO `user` VALUES ('1', '小小', '123', '女', null, '123', '12', '212', '2020-12-23');
INSERT INTO `user` VALUES ('2', '李四', 'aaa', '男', null, '112233', '湖南省长沙市', '1111@qq.com', '2020-12-24');
INSERT INTO `user` VALUES ('3', '李四', '222', '男', null, '123456789', '湖南', '123456789@qq.com', '2020-12-25');
INSERT INTO `user` VALUES ('4', '王五', '321', '男', '1212', '1111111', '湖南', '1111@qq.com', '2020-12-25');
INSERT INTO `user` VALUES ('5', '小柒', '888', '女', '1234', '14789', '北京', '12334@qq.com', '2020-12-25');
INSERT INTO `user` VALUES ('6', '申颖', '321', '女', '7KNP', '17896', '永州', '123459@qq.com', '2020-12-25');
INSERT INTO `user` VALUES ('7', 'QQ', '789', '男', 'KX27', '123456', '北京', '12345@qq.com', '2020-12-25');
